audio_name,dialect,gender,speaker,chroma_mean,chroma_std,duration,hnr,loudness,loudness_peak,mfcc_10_mean,mfcc_10_std,mfcc_11_mean,mfcc_11_std,mfcc_12_mean,mfcc_12_std,mfcc_13_mean,mfcc_13_std,mfcc_1_mean,mfcc_1_std,mfcc_2_mean,mfcc_2_std,mfcc_3_mean,mfcc_3_std,mfcc_4_mean,mfcc_4_std,mfcc_5_mean,mfcc_5_std,mfcc_6_mean,mfcc_6_std,mfcc_7_mean,mfcc_7_std,mfcc_8_mean,mfcc_8_std,mfcc_9_mean,mfcc_9_std,onset_strength_mean,onset_strength_std,pitch_mean,pitch_range,pitch_std,rms_max,rms_mean,rms_min,rms_std,spectral_bandwidth_mean,spectral_bandwidth_std,spectral_centroid_mean,spectral_centroid_std,spectral_contrast_mean,spectral_contrast_std,spectral_flatness_mean,spectral_flatness_std,spectral_flux,spectral_kurtosis_mean,spectral_kurtosis_std,spectral_rolloff_mean,spectral_rolloff_std,spectral_skewness_mean,spectral_skewness_std,spectral_slope_mean,spectral_slope_std,tempo,tonnetz_mean,tonnetz_std,zcr_mean,zcr_std
ViSpeech_03301.mp3,North,Male,SPK0163,0.48295514007272433,0.29011917944569926,3.65,0.0,-21.32612180176426,-12.360780649994911,-5.41701704967117,9.269741998842193,-2.5030823758178586,11.614516749014948,-4.70898756011037,6.8288261526159895,-3.490178456157463,8.435648431734664,-288.6904056835575,78.61825767456615,166.3760204647011,39.609697988805635,-2.0822362195061164,34.44200861909395,50.98668616703928,20.981444281229564,13.126545375015542,20.296060036940634,9.050653511442112,16.662226589940957,3.1394742256583825,13.837104110892088,-3.2635963259645084,15.359457131009464,-1.720650538342844,11.757601941206973,1.3535260616134046,1.4851954914391374,97.21599971021392,39.76718358572752,11.89231253292486,0.24096788465976715,0.08583983033895493,0.00526723125949502,0.0485684871673584,2072.8967265699453,586.2265914055346,1479.6675947678693,926.1348272149402,20.77146867561345,13.812294869979606,4.1221343084519294e-05,0.0004292926756074352,27.712766732336238,150.76729178748224,82.3087613963031,2773.06640625,1900.3424334885574,10.863154076774157,3.3459724166570273,-3.2520394716995905e-05,1.8279383287058124e-05,184.5703125,0.02132346050019531,0.11258409214130291,0.02925657242063492,0.036216983865821895
ViSpeech_03302.mp3,North,Male,SPK0163,0.4631109568402491,0.29628544845712396,3.85,0.0,-18.41193145614885,-10.155907653241275,2.857367823021293,9.548038368435089,-2.303201991732883,12.906980969513583,-2.564406392229157,9.278761274704157,-4.135572875721732,7.289010889664474,-250.69242400868063,70.03699147176455,151.38810985583945,46.723058057584645,-16.02156916229935,29.209935888767625,67.01884973691446,25.72391115452734,19.225080416939598,22.699008311735025,12.425908502326395,15.002038683469756,0.3684874749668983,12.848397606274855,-9.832723751400632,15.771426155683455,-0.8065937278464992,11.10744042515191,1.3835196777969658,1.365275962320772,105.70366052010813,65.65115291455835,17.764973320688235,0.31060126423835754,0.12006040662527084,0.004556558094918728,0.06626465171575546,2321.0237153663165,569.1877225199672,1911.591032430692,1175.2616355739099,21.277156499506436,14.232216724004735,7.254088264857824e-05,0.0004977905022062243,36.505464543165274,172.2978316431089,101.46842459129121,3853.2110375094126,2110.365061352665,11.422426335723735,3.829126236644405,-4.0604191027233006e-05,1.9798030730902573e-05,120.18531976744185,0.014888828081299843,0.12867006929862027,0.03918604103915663,0.04884268851511331
ViSpeech_03303.mp3,North,Male,SPK0163,0.5058442424761166,0.2903769163183136,3.88,0.0,-18.868261994093913,-9.406181509237006,-8.883235850012904,14.073531964678425,1.6473985209364095,12.689255881603625,2.9729875151189704,9.214180027726181,-2.513091197050989,9.057985452869906,-246.33083441470296,82.53176090873983,152.7335961088766,48.886644262327906,-22.53575206630763,33.277633000626814,57.71686209503759,27.244317355695262,14.986665640806143,23.47753134361058,13.183515182898207,18.478260520097443,-2.8330521545966727,13.159569706489373,-1.9173881804794997,13.702208989171599,-4.4846744061107335,12.676984465155567,1.4377257494083404,1.4055702418284752,101.03506126964812,69.8961510435802,20.496057220204158,0.33860209584236145,0.1139155700802803,0.002667828928679228,0.08049573749303818,2294.9891346863706,609.0192283608843,2001.2660409403732,1216.80775729027,21.30506066610559,14.183456241949214,0.00010995783553926971,0.0009379072064685479,41.58823876500496,136.7144306678361,88.72111281293606,3962.687878964552,2134.8863643373556,10.002781172209707,3.753956506652199,-4.277061432593356e-05,2.3521788388689307e-05,95.703125,0.009998447089270666,0.0918669037892008,0.04658348880597015,0.04808585323323203
ViSpeech_03304.mp3,North,Male,SPK0163,0.4810818435918101,0.3042501800737916,3.93,0.0,-18.78009399166513,-11.236655206244956,-2.71116561985321,9.635775985207431,-1.4696739282931113,11.372970061525187,-4.875559983949675,8.61860589024989,-4.913294108946475,9.5235603709829,-276.1768559922763,69.28975578988343,157.41619453331242,40.417226345223256,1.0101556407808,35.93729431570231,62.34503765321374,17.853728785917372,20.07090419621047,17.703089651079573,12.571879132075402,16.41544675462252,1.1528988984221349,11.254006327132926,-5.477596828898808,14.280015889915797,-2.2452215481825837,10.967622215741489,1.4359083526460794,1.529964836599452,99.60673160855112,59.098764193684104,16.24752971394361,0.274262011051178,0.11507779359817505,0.0033092366065829992,0.0625186637043953,2135.8764120733617,695.3134290585738,1598.5164565981393,1269.2900291928056,20.949805186923754,14.004367303795584,0.0001448430527495725,0.0012723979594621922,37.8436307010042,173.59619104693908,88.99914531283207,3090.046408324115,2586.9466021382623,11.67624924752017,3.442421484755309,-3.393671622483807e-05,1.7510399331190677e-05,120.18531976744185,0.008842048948474786,0.10752084831687035,0.03253047796828908,0.04759111659477684
ViSpeech_03305.mp3,North,Male,SPK0163,0.47362310157211623,0.2957716337306214,3.96,0.0,-18.875522952320186,-8.845901828542896,-1.9466008866064366,11.058898293646553,-1.5198053677888224,10.141871682934696,-2.195037467932731,10.137059010762632,-4.067849390229225,8.820516384452606,-251.26487758777736,63.15863071803481,148.65826241713702,47.714394400348205,-23.138307560012596,29.778009518725185,71.03124863603252,27.90456133452704,19.552681621860074,21.7296019254764,10.992980208352089,16.64238719438744,-6.1137887232147525,12.170610485534924,-5.809885841918869,14.53001188694979,1.4540260665203637,10.117192113063345,1.3841040058106888,1.3457749986108702,102.29342524460591,78.21125851970544,20.566940551273905,0.3611633777618408,0.113820381462574,0.0048583257012069225,0.06973409652709961,2315.6610803724366,631.3509638661958,2051.138170929341,1256.9928846692878,21.528760229676408,14.2403471623945,7.064925414058302e-05,0.0002974737563209966,36.09225637079007,154.94120475070122,91.43454508527982,4067.8865131578946,2235.134622272204,10.80319282292059,3.80332630411493,-4.03770099137719e-05,1.8617826570692952e-05,117.45383522727273,0.020665192945819272,0.10912319191736305,0.04661087125365497,0.051167891708412114
ViSpeech_03306.mp3,North,Male,SPK0163,0.4925453630177174,0.2985134469061567,4.45,0.0,-19.275426273920072,-8.67643496454153,-0.17240156898590456,10.59483414345421,-3.782581274648617,14.559326728637142,0.4136310048037544,9.125504186126195,-1.7494939250435468,9.771627685725177,-263.716219032473,72.06089620762367,155.9177485816913,38.29315204522313,-11.29524274400922,31.137827558748437,53.818165190496735,23.925293373094433,24.112098721941678,18.447023548646133,9.857084492536757,15.659840100701969,-0.7250179373920869,15.071123087750298,-6.537379354631689,20.211040164448097,5.871639732139887,11.71477078178302,1.2982384840163308,1.3683834084574995,102.47808783843298,60.202372663698156,17.79248468085806,0.3682790994644165,0.1086987853050232,0.017783168703317642,0.07370311766862869,2120.874066576222,467.93668991756766,1571.2674631111556,826.6466002104372,21.57919772025469,13.998112345193205,2.6119653480959166e-05,0.0003028306687721825,37.663906127257384,177.52727280857752,90.42796805232359,3097.921371459961,1512.195055906907,11.864955034924156,3.3900896491982326,-3.7268433386230626e-05,2.128606703363588e-05,83.35433467741936,0.01826336725204931,0.0891631953449743,0.028742472330729168,0.03340018416863523
ViSpeech_03307.mp3,North,Male,SPK0163,0.40296328027490463,0.3063177966736262,6.86,0.0,-15.535343396077742,-8.086057370323312,-10.178953928501143,11.604285350016903,-3.0282741290494712,12.172704746171968,2.3392839849152827,9.812951632933965,-3.544942669836343,10.358713404401014,-195.00442652621766,69.27160137118621,165.01598281444208,34.55246814100148,-27.10414107528782,32.330046647030215,48.654736822315826,25.398933871266355,5.843918456129149,20.677811161048297,5.629827488145476,17.787975963130357,-8.34343929635525,13.862135163990976,-11.544015904149239,12.205197254319492,0.19611000339698056,12.027535769937755,1.3173258566429382,1.1278557018478206,126.94341718130566,102.88679157284074,21.89932371299312,0.3941813111305237,0.16719767451286316,0.008857345208525658,0.08984585106372833,2216.5276530219267,460.56089351104833,1878.4033189818886,842.0038501416473,22.533241463812402,13.898896250427809,2.337421386461103e-05,9.971706224856745e-05,56.17570121741979,144.13162113538502,95.74891317600631,3722.3293246351523,1597.4680212165285,10.31486799966824,3.741645101013401,-5.52349161407431e-05,2.3404514811587357e-05,61.5234375,0.008291443388676068,0.11147090790328039,0.04108750396573604,0.03627474085676061
ViSpeech_03308.mp3,North,Male,SPK0163,0.44608757436330143,0.3079993357080057,8.62,0.0,-17.19658568645294,-7.553714662000538,-3.5000608483418083,10.885338054043968,-2.796795971511399,12.002365505543924,-3.675133400199448,10.165599964759737,-4.969436504665301,9.717788740595628,-241.2777362139106,83.11924197529217,148.1624714413058,41.45377274583806,-8.493957638456523,36.40486234192676,55.80794573342376,25.77666682656841,20.307022751661872,22.152592504846,7.6812448757135074,21.158142604896934,-6.046546238764822,15.194567744115147,-5.033889525552056,13.077894923629971,2.177960228709334,11.702390493243483,1.4106436873472519,1.6372225575246062,113.07600779656815,166.6969441411834,29.840377367703773,0.4190957248210907,0.13809169828891754,0.002279957989230752,0.09134575724601746,2264.4934866778744,646.0893933782004,1813.4603960103823,1046.1966033126523,21.62240359227068,14.103940162032037,3.7283094399061534e-05,0.0002769209345020641,45.05531294195068,176.85818983908428,98.21830371308874,3614.0423904357335,2209.9340994534446,11.596491979315344,3.8210469168524805,-4.247028014067005e-05,2.2600827658658657e-05,184.5703125,0.025298166235123824,0.10402473032483979,0.03548286612550471,0.035450394910515826
ViSpeech_03309.mp3,North,Male,SPK0163,0.4574700986664686,0.303762111092265,9.23,0.0,-18.110021600881026,-9.222343013768153,-7.454916234574064,10.6057365737737,-3.812904148936691,12.877023740181075,1.542023069804664,9.854851766976378,-1.8320803061918742,8.999544122388563,-248.71646940107806,82.70536924250922,159.79286747631113,46.00540455021046,-9.900977859274361,32.615080465042816,43.994794477003694,21.818410759168252,10.094493394833712,18.89284557843026,5.904196958067285,19.16102954674259,-7.224824630165134,15.355350910530962,-4.653300593086933,12.761376844473903,2.45053628715072,13.414789448652483,1.3563729897567542,1.429640868952355,119.44372283877199,144.41091326996118,23.937822759142083,0.3458450734615326,0.12430695444345474,0.0017976723611354828,0.0894603356719017,2233.7863506524563,675.9470060439902,1809.1965913232443,1110.9286802247652,21.591119570593424,13.900678914924251,6.454990713411695e-05,0.0004373738007657008,41.14162222908965,150.0240817332668,95.16441875192115,3542.2119140625,2296.7588294665456,10.620660167762924,3.770199689507817,-4.0282205417719576e-05,2.2075445087325084e-05,103.359375,0.014180571441916865,0.10184262917648848,0.03785283841080402,0.04139352667166913
ViSpeech_03310.mp3,South,Male,SPK0164,0.3734835339834223,0.3075963583152871,3.05,0.0,-21.47693972963287,-12.204822483385879,-13.521550337318155,10.658760862848668,-6.824465108018231,13.334879403251765,-2.990401336872423,11.060357607086404,-9.633959042682417,11.884760178398144,-351.4322039822574,64.48692392196311,202.35874585692562,41.153131839658734,31.14454807203527,46.324191179840305,10.285567513811671,28.371866175277713,23.044797820499475,23.101006748145668,6.008542209280543,19.76127838938594,-19.029905649451152,13.914614832541194,-10.161828038997236,14.09698293552677,-5.267349431622205,9.28097046459955,1.2874434307203984,1.3263021700849948,127.76714415413522,76.20019181680843,14.106683696081934,0.24533364176750183,0.08436219394207001,0.005025635473430157,0.03861561417579651,1241.4060170578189,968.5513538146358,989.3368089658096,1173.1343621425126,24.29697153574568,12.241355340331353,8.864114191294539e-05,0.0008749423862546787,26.456036391083607,144.08543336146212,72.72203321148264,1744.1075778279467,2353.931942736678,10.816881278772039,2.6912400899451923,-2.4764628332342657e-05,1.1295466078077675e-05,77.1338619402985,0.020485772797632692,0.1580844047287248,0.028097522576045628,0.04969998309625292
ViSpeech_03311.mp3,South,Male,SPK0164,0.39485950572972056,0.3164190346847666,3.16,0.0,-17.93531636974641,-9.523458546588735,-17.76492705101518,15.867162143237419,-11.622880376173457,13.450796431536883,0.8590654603708232,10.060977037307804,-12.548921849783856,14.294686958829883,-317.2595442557113,80.67090100556645,180.42602286371294,45.52502380012642,25.54128109072799,34.99995029035444,21.47968413993424,22.79406199926273,15.050923575309056,25.06499341198177,1.5457359466642127,21.962008829073085,-16.55972721033357,20.046714152570313,-11.52990494314054,13.752232736834838,-1.3207312013992485,13.50712219900986,1.5599247239001586,1.656409305568064,142.44551014204896,105.12129370847026,28.375433540936314,0.33406099677085876,0.12683255970478058,0.001614059554412961,0.07957911491394043,1492.6441664229671,723.2692676754916,1023.1979509127308,574.7376029738601,24.02443548601768,13.579950746596678,7.684779545543167e-05,0.000625188641318251,52.699109698423186,158.60005309421723,82.87701124598841,1754.8377403846155,1334.773745059943,11.194572263347768,3.1668974207929357,-2.883889858702633e-05,1.58342659092763e-05,101.33272058823529,-0.00472949941045447,0.08510339375590098,0.021893958905677656,0.014180799515381965
ViSpeech_03312.mp3,South,Male,SPK0164,0.3991318708971786,0.31706315879022046,3.2,0.0,-20.997517324322796,-8.135775677440117,-12.182209409881448,13.568105773457068,-6.581090635772075,11.603566747113343,-4.2762289806313785,7.888238130670565,-7.663431784391569,10.304107860895604,-367.0527026810259,99.51593641758842,152.28374512508015,63.855701944220776,32.26986456521727,37.9156702627559,16.487170291495712,22.80781893334573,16.178923684753272,17.162338270258555,-1.5995472885134305,18.19989776108536,-17.531082614368994,18.819149752114512,-9.390433765906453,13.038486460588718,-4.369716604587843,11.276038653934439,1.2109918185565611,1.5996060962251166,166.31890404015695,167.13629157160798,52.254147302031406,0.3919314444065094,0.08914957195520401,0.0006653408636339009,0.0846720039844513,1601.6793725483947,918.9572269320673,1098.2105113019486,649.5054543585192,23.148352471885584,13.286346304197282,7.465886955195312e-05,0.0002769543107350592,35.50243741166624,155.4054105554471,87.04572331669063,1997.5946841032608,1711.226192515404,11.098174933510405,3.2204339052351236,-2.1368515071899194e-05,1.7280986146172094e-05,99.38401442307692,0.005013755645065679,0.09622455434530895,0.022899682971014492,0.012074373993181004
ViSpeech_03313.mp3,South,Male,SPK0164,0.36078261905763237,0.31623804042667414,3.36,0.0,-19.072985763499947,-10.424885608040933,-22.474469336897673,16.20472076702042,-14.323376038565835,13.698879118478292,0.8037811287916748,11.345173188108774,-11.290366512834794,13.721334422860256,-305.0005919152757,77.7757983817002,177.934199083229,50.59821323325769,0.9542403853521438,31.964105600752575,1.6723285293327734,22.597715249843727,10.184864099657005,20.412304446953684,-6.557004618284242,23.852117937813222,-25.478567158232536,17.12585172001233,-10.451789070452243,15.149967487576529,-0.6013091346483644,10.144661150982282,1.395950448749108,1.392859006321573,155.0861596011686,105.49037735301455,18.42063343758844,0.30113017559051514,0.11126198619604111,0.000565768510568887,0.07781631499528885,1532.417774839863,732.5126215071047,1261.9446004996885,838.7015061559479,25.241549682356162,13.574106766939904,4.883310603040644e-05,0.00024335128154059105,44.12150233722128,141.00522057643127,74.4342351497616,2153.9885843211205,1667.9186603090914,10.496986408750224,3.070103910485677,-3.018849971312144e-05,1.5664436059922923e-05,101.33272058823529,0.007525170245855932,0.12436515923873989,0.03380421605603448,0.03485723346013641
ViSpeech_03314.mp3,South,Male,SPK0164,0.3920835480982602,0.3060207538650882,3.54,0.0,-21.8365166765966,-8.726794997073853,-16.947943892249747,13.566300576463519,-7.9874008281293145,10.705212184511343,1.7196827324758965,9.828522779131795,-11.865113196603744,12.030888479516555,-345.43867567097925,86.1496839486158,164.26268400686362,54.34712989800313,25.78502747937603,33.378443381156856,16.809005377155103,19.786437336058526,16.751352266208652,23.65178313060982,-0.5956588705990129,24.15400099269265,-17.581895361701864,19.31261844984222,-11.26812914166584,15.39315396897343,-3.6158038631860565,14.3925439464629,1.3862572864894727,1.7508472800961286,138.22032904004104,103.26082055536949,28.383180491662923,0.36615002155303955,0.08094104379415512,0.0006098768790252507,0.06739867478609085,1480.9285491415214,809.5189454632513,1135.4400338829316,913.6768712353949,24.2088456128358,13.439439362188443,6.356243568046015e-05,0.0002971160320007181,31.719190472961742,143.1215501443199,86.21634772074553,2031.463563012295,1875.5012556086372,10.6044822035508,3.1887955867022364,-2.3736241554660234e-05,1.5999538310942006e-05,161.4990234375,-0.004286651574579292,0.10334741464100254,0.027996926229508196,0.033251097013152243
ViSpeech_03315.mp3,South,Male,SPK0164,0.39618994578759886,0.3038007915802509,3.61,0.0,-19.413269019950434,-10.394417287646702,-11.423008802289326,12.000277461180843,-10.50569130085104,14.167486493282965,1.6703530994968576,12.62893271374368,-7.31359292066215,11.155865200662888,-320.7166570634789,63.87917199016468,192.984810929741,43.683202032761685,23.483946516816864,39.91352544226555,19.358431527559564,27.73183296345154,35.554208227317545,31.62960801076694,17.397578432500083,19.04076003117248,-20.150325250661336,17.395855068098424,-18.90408202811072,14.361731958469854,-0.23025853836570717,12.895706793031936,1.2125316709456762,1.3882259320373769,112.25186852655706,120.25151061639298,23.790121540140603,0.30218833684921265,0.106987364590168,0.00393153028562665,0.05940278619527817,1264.538560800978,699.2767261583398,1028.8163049225373,1040.4191248577877,24.086803374846305,12.99493946150704,1.2764082198540997e-05,7.559292083603434e-05,31.535858990079483,151.1552076546175,72.93938270643667,1916.6627939107716,1922.0823600587457,11.032020445815569,2.766314260923878,-2.924966975677704e-05,1.274421272900721e-05,191.40625,-0.018362212748616595,0.13497776181117718,0.026701605204983922,0.04162116194973557
ViSpeech_03316.mp3,South,Male,SPK0164,0.4085535828751883,0.30431634665707535,3.8,0.0,-20.23963411148527,-8.53871914561664,-13.154584431557899,13.572217263715574,-3.8682685125532283,12.626398467979312,-1.1348071003556215,10.847158699537015,-4.588756306601638,13.689256041671255,-318.2466621933576,92.49602605236792,159.99232203448582,49.020747832920826,15.136072943221889,44.13176980161743,9.88114154975496,30.902191218361054,7.190164514839432,23.768207566062145,-13.770503817273488,27.85309197584296,-27.17751963452177,21.677162009338055,-2.943653121186141,16.217324407388148,-2.1937585500620718,13.030860291147077,1.3838838327752567,1.6375278515719909,160.42838109411554,128.49558234185628,37.52441842207205,0.37416476011276245,0.09727782011032104,0.001059770118445158,0.08432537317276001,1621.58320175673,745.3059986496075,1286.0427908839945,785.4676953306803,23.923317408496942,12.9905919646726,2.74774877761763e-05,0.00015392828647799091,41.49777916379171,132.34732993849124,70.90307660800079,2138.549060356326,1741.4943651819478,10.100767858677509,2.8047951225325485,-2.812556654548042e-05,1.817638129494635e-05,132.51201923076923,0.008630112759097601,0.0935535728272836,0.032478146436737805,0.024996853894773425
ViSpeech_03317.mp3,South,Male,SPK0164,0.43219900295088054,0.3004207750276221,3.87,0.0,-22.987787004764733,-9.357301544288744,-10.762420594898279,14.649427598068883,-5.218813022231089,11.607931512554686,-0.11714661878636622,10.203927729101359,-6.050179217565317,11.96838083185952,-354.9860207126767,84.1988875641295,167.09678431865373,58.07174946705196,38.70822835973875,35.713891631210956,12.037913910062343,25.40788555598713,3.6320706006619803,21.57648632767986,-8.12709048359498,19.411402750873876,-14.85773264912867,16.936577411987084,-4.020908803642452,14.603377216965098,-1.1950320343085414,14.33299483847753,1.3611986174161796,1.7129804241746664,132.4696179974976,125.60549109588162,36.92674070222624,0.3405129611492157,0.07089319080114365,0.0008520302944816649,0.05985454469919205,1432.8351945629522,901.3098013483376,1112.9772519402804,939.7773989728947,22.637305948278637,12.894838287777862,3.2894050106645125e-05,0.00012589062806785765,30.531639177758965,118.85226050399478,68.40870418952966,1861.010303611527,1904.546649893617,9.591323063536331,2.77467725398677,-2.2178946432910653e-05,1.4376442696906874e-05,172.265625,0.001252454507411843,0.06510071312951825,0.030296828218562874,0.03420673519730087
ViSpeech_03318.mp3,South,Male,SPK0164,0.4252553607249298,0.30601743911231305,4.050045351473923,0.0,-20.05984214168256,-9.639193574563254,-12.351974925345592,14.869306947462505,-10.060445166060557,10.773389476961082,0.9791226396004342,10.713065136311013,-8.809336832606345,12.251931481967265,-345.18236585294693,92.7392332240095,172.78607702691357,60.31506857837688,30.979274944684356,35.186329865949226,13.604965852288194,21.666252449777716,15.363934121726258,27.727195848097246,-2.268818290182674,27.20893944342662,-17.636481141245543,18.051003138738324,-7.60424415870574,15.552076513796639,3.561072052178077,13.978390344703232,1.3192186934114298,1.640020629743594,125.43854690000654,94.93106286922439,21.856578186262624,0.3296393156051636,0.09931240975856781,0.0009151111007668078,0.08037488907575607,1414.826569775093,851.6351260388235,1052.1316374517437,649.4256280040435,23.371441691710906,13.038281248043395,4.256174918467284e-05,0.00017999611359922573,38.85943654268583,138.0132782578195,71.50764079386491,1895.168673889685,1687.7775141020647,10.388609418671063,2.8103977945049308,-2.5331231637029106e-05,1.7617797583272025e-05,224.69429347826087,0.03207876399747452,0.10407170715536057,0.024218190365329514,0.01517446596918301
ViSpeech_03319.mp3,South,Male,SPK0164,0.39609377966308346,0.307395580140179,4.29,0.0,-20.566708355216843,-9.703803400610212,-15.349606932165399,13.57114085714494,-9.839345991216256,11.77115243730043,-0.5201967103075209,10.495216143613494,-8.990186414005615,12.67790365892981,-328.4839807169635,77.91735496152769,173.44514575119757,44.7856621387762,28.32008592523599,39.7793236436746,16.125499063842994,25.68358600268905,19.39097665908894,22.73440882899697,6.582247523469178,17.166067720829368,-12.374370496196443,14.704006822394836,-14.79501652356444,15.023435690346144,-6.367756875519183,12.13600119038012,1.3972604912553168,1.4838819559368495,130.49700081890325,136.76480333030958,30.680164311189014,0.3271963894367218,0.09368281811475754,0.0008361798245459795,0.06381305307149887,1319.1362887777289,583.8216628977518,936.0883430916845,480.0679601220117,23.27079632669555,13.033985563583215,2.2762837412726537e-05,0.00026173682757494595,38.184990020653494,155.39924823845502,78.09151629392264,1632.507786106419,1157.8692084058343,11.097462520310925,2.95663606681049,-2.6105827095148208e-05,1.472504795468631e-05,129.19921875,-0.0003351853785649885,0.08043738067191834,0.021147856841216218,0.013923995236681906
ViSpeech_03320.mp3,South,Male,SPK0164,0.37776767847838966,0.32203085073498444,4.6,0.0,-21.644468506505767,-8.654676225567739,-15.794519672237346,15.500248358989369,-13.381575527694695,12.492288594291663,-4.010407137653339,10.980413636853152,-10.111471477057043,10.578726881292651,-348.2625314851721,87.11334638537032,154.9910444900826,57.092645970663774,24.630359192182652,33.111146717130296,13.756186212238285,21.70126660606193,19.00736811491671,25.8310358275979,3.8092128601259065,18.6275152224092,-15.33668163242964,17.7115925354541,-10.850612166183817,15.545848200045617,-2.8528625375278662,12.829613038648008,1.2491746747540653,1.47822392426689,138.15430253005422,132.9323074711127,30.61847566747074,0.3692028224468231,0.08275063335895538,0.0004957662895321846,0.07966960221529007,1496.8847290977667,865.1321314587896,1117.8206999874265,899.3293929240579,24.596771890792255,13.205117805186191,4.88481157528206e-05,0.0001628740278856327,30.664475364056862,184.08383604230207,96.24143511781999,2001.286135272355,1910.1331941217836,12.086403529919027,3.4748150815060432,-2.2363231251998324e-05,1.5443481002720124e-05,72.78829225352112,-0.02089504658040246,0.12293813962655802,0.026460661996221664,0.033775244058551375
ViSpeech_03321.mp3,South,Male,SPK0164,0.42246470343300346,0.3041826895650908,4.86,0.0,-22.3876929419332,-11.165278049966851,-8.712431516166559,15.28044307195491,-8.566988581766507,13.512097456443755,1.4565255674934208,10.87515211576242,-4.358508202858354,12.159802524832985,-350.6345996060343,82.99961733133776,189.29270057047026,47.7871214738284,24.235928856941044,42.433170282306286,10.379093443466639,30.330080811822032,4.452023462132407,24.166775301153162,-7.71518109285341,26.50480880672836,-18.213111562796477,17.616718513086806,-5.379461931422405,18.730260876423944,3.3325896253469462,17.084559230853234,1.462843028445268,1.7794383372603986,132.5938828757383,134.36736340079153,32.07771148942812,0.27652508020401,0.0759643167257309,0.00106951710768044,0.05367441475391388,1372.4117624083387,820.8258986866304,1135.8367139300524,855.9626609930249,23.135620609686587,12.733442589994656,3.074060172632829e-05,0.00023842220851541394,32.09229269662962,129.21709603601397,80.67545244552018,1874.0053745897972,1758.7873178235366,9.912317975869207,3.1366219810626474,-2.4885793287269248e-05,1.4910621637722919e-05,129.19921875,0.01677813483362753,0.09238425894208421,0.03014058770883055,0.025459879837390807
ViSpeech_03322.mp3,South,Male,SPK0164,0.38793156630987136,0.31662556483824095,5.18,0.0,-22.978018741686462,-13.476133794484525,-14.828630380245743,18.182862689411383,-9.11286789630867,11.185474686273006,2.4322721045804636,11.68469153788283,-9.816305879478774,11.852008543094666,-373.71424619978364,88.2786669982604,180.94118980823094,54.55492074368102,24.992342584436706,38.9850339664057,12.396169129974632,23.99067448977195,18.14602796150027,24.564494382414434,4.094354034045751,18.584223284639457,-16.345648844208583,13.914074342984895,-13.019872991965464,15.685417113848166,-1.7066642376536685,11.475284852085498,1.3615540417503167,1.814867758234001,130.6608361145254,107.67583590768781,25.0742653367586,0.21192942559719086,0.07097296416759491,0.0003252819296903908,0.04723436012864113,1382.8262459525756,774.5612620881577,1019.5515683732791,724.4640451091108,24.3452000015978,13.467524323353409,5.568422582904065e-05,0.0003969868885717756,25.946447345291148,169.63352187452347,93.83918256349811,1841.6910261115772,1680.4367907544804,11.545576420514436,3.440533736812729,-2.1908187804050077e-05,1.4260491475744292e-05,83.35433467741936,-0.000560614164814428,0.14157681317301465,0.02364723154362416,0.021800317679544753
ViSpeech_03323.mp3,South,Male,SPK0164,0.39839629391884196,0.30435868258536114,5.38,0.0,-21.45061523587706,-8.753027292692476,-10.65374604228812,12.128043838002712,-9.016960871094922,10.216695793106108,-4.360438517885068,10.543678510204503,-8.304394249276942,11.562943025786941,-343.3982631360235,79.00189406100208,165.30734614587143,53.66805664789375,35.49146712932436,36.754623532998025,18.527313748636235,26.159700995451566,16.82236477554169,26.943513343905646,2.382463355347602,22.029086826212726,-18.602383137248463,17.4911444708806,-13.691274895740408,15.31949970882865,-3.742768495191464,12.16526782285552,1.3858206397195434,1.625718195023306,131.77629008725248,110.51145287075964,27.407679149870045,0.3650458753108978,0.08461826294660568,0.0007452475838363171,0.07021501660346985,1427.0415764720744,953.2172926325587,1189.4579989308313,1336.3506222823112,23.57147037255034,12.924334127608107,4.414190076400082e-05,0.00021881919054659427,33.80860002721982,137.78688277462385,75.4433552374758,2066.0737136314656,2407.109775475608,10.441047643329167,2.9775169124026037,-2.3522063792427656e-05,1.5105863860617151e-05,92.28515625,0.006118915033529702,0.0876478231799845,0.034051303205818964,0.05751282275536564
ViSpeech_03324.mp3,South,Male,SPK0164,0.40686907482794255,0.313228308062077,5.43,0.0,-22.84759253028117,-9.468745340066736,-10.08643039033502,13.36540025132812,-4.116801269686479,14.041235826248625,-2.188487180995212,9.312117542019791,-8.526028060998375,12.09075234118442,-359.11570125457024,103.34132344066771,148.72818379944093,68.60950816265665,18.77024654823771,34.04848005569912,10.169204547711034,24.28968997929596,15.570809042246303,20.724401037759105,2.4264188628988514,21.715229770633286,-19.323133540519343,20.603690045033293,-10.21010770615284,13.414697109229904,-2.5680984861208627,13.752039414807975,1.3023551416524168,1.589453756565519,142.94123187037184,144.0154830448422,34.408666470782,0.3361719250679016,0.07204674184322357,0.0003816448734141886,0.06820809096097946,1894.9809405409835,1156.8934910656417,1510.6730727829336,1272.5341494453241,23.481002579944786,13.53191329612644,0.00016024664242506726,0.0008474534079228202,28.981357421470904,144.56900415523694,75.50758846549934,2849.836613581731,2805.138177798977,10.571347214373729,2.955368996398025,-2.2359857082296764e-05,1.7651680997037662e-05,156.60511363636363,0.014288251688251645,0.09700177577636429,0.03550785423344017,0.03904080778942881
ViSpeech_03325.mp3,South,Male,SPK0164,0.417548606728885,0.3091534076890989,5.86,0.0,-22.188517030924878,-8.318413502185866,-10.650065215493097,12.981282398497662,-4.938169016252935,13.065218844393312,-2.7522427765688464,10.241433674774749,-10.50912944582181,11.886054409792102,-339.14508635733534,82.85118272422032,163.92111514259457,54.2395103889858,26.744184006167057,37.4945169221967,12.95388671975164,26.928128190339972,20.03128292976441,23.044585831509544,-0.11163852172060926,16.827199002734773,-18.201947243458214,15.205834121034776,-10.571943845496207,12.034701272978886,-4.638305830114158,11.7852028181675,1.2657502457466057,1.5026817497518887,124.92778202860639,122.96334324290403,27.546075520563015,0.38377633690834045,0.07772640138864517,0.0007883352227509022,0.0629609227180481,1453.5978908364923,761.9909201826998,1063.2787989724825,587.970425066058,23.422577069435324,13.415146752497005,2.5216728782829268e-05,8.97163023971234e-05,30.274194405207748,138.80167696145588,73.83035835699805,1898.6741955445545,1459.1423176226067,10.401698562478426,2.89860703470159,-2.3885244492427598e-05,1.4621152186419174e-05,123.046875,-0.004436257081804522,0.09757768576296173,0.024893641707920793,0.014848838671074381
ViSpeech_03326.mp3,South,Male,SPK0164,0.3952813850012323,0.3134455055202811,6.13,0.0,-22.254005740696073,-8.6195918450147,-12.709230086391942,14.182855251933775,-10.634769984669122,11.93852693049954,-2.203849528256942,10.812319755865335,-6.1552170274903,9.991935080449727,-343.78449824241056,100.48463428199913,154.10735561192033,64.23806545098918,18.31655295824621,34.55105824453592,2.421664176433143,25.42170852283051,-1.3220959243325232,21.653478765555715,-10.13065932740273,22.89268398853958,-22.04823467790364,18.678705558578287,-8.4979713926993,12.153772217914861,1.378596268647328,13.955997260145509,1.3749951919919754,1.6725777925721825,165.92949958610384,150.63479103998722,38.62310113855052,0.37069714069366455,0.07714256644248962,0.00040971129783429205,0.07007801532745361,1760.1259222622991,995.5544330164278,1374.8429838074446,1027.079588505846,23.245735334119153,13.29640980763966,6.675298829908528e-05,0.00022909850815157928,33.773410641640076,126.7729962438178,70.96410519696911,2471.9546231356535,2407.009830429059,9.938706072726148,2.9383947170359477,-2.387909831521472e-05,1.7598828718160172e-05,120.18531976744185,-0.004401504980091512,0.09124050535711883,0.03488806522253788,0.03659967413170906
ViSpeech_03327.mp3,South,Male,SPK0164,0.35840859403773606,0.31079633299188436,6.81,0.0,-22.037391660089014,-7.7762727941620895,-17.986666511821525,16.245732575502924,-6.820840650593108,11.306145804627478,0.5884430459040442,11.64315204815087,-9.277869471975627,12.518766142359715,-336.07287438498093,81.79499942158465,165.87752475086958,50.359297100303856,23.182695329445554,37.88518814899698,5.434206327249267,24.628086336750957,14.839407160197025,23.88392286198111,-0.13909974458811414,23.696232756918157,-17.863404388739387,20.278107273958575,-11.837803092473814,15.027242640358825,-7.90058917778638,16.79175834062914,1.196369880067134,1.3474268219023595,125.57365216148251,133.30985221449217,23.491744395779744,0.40849363803863525,0.07909061014652252,0.0004895817837677896,0.0777975469827652,1225.919267036861,681.6015808351207,1073.9256528759015,810.3847858361689,25.24152891488441,13.662082327785097,4.261362318374745e-05,0.0003944332346095071,31.76230563969269,146.06411678472793,75.92863917521423,1888.2454815268313,1528.7511318505767,10.738466782303822,2.867425752878087,-2.4587375325077655e-05,1.688138428393111e-05,90.66611842105263,-0.0067040320262001405,0.12542102452250425,0.029127182708688245,0.027805839087775907
ViSpeech_03328.mp3,South,Male,SPK0164,0.4312121948861561,0.3047437542593563,6.84,0.0,-24.45153344187821,-12.566103686326173,-11.261013861988097,14.431434847670694,-2.5041854802348507,13.635416569925281,-0.1553561849551306,10.186348973811505,-7.477676669205811,10.416377284545037,-371.5289937628883,84.03726529955445,168.30135666856427,58.3722452693232,31.797799633916206,38.173007711679276,14.416847631834974,28.98394318902404,17.861159341885234,27.04304528370528,4.348679540137981,20.322034907715878,-18.49742697068882,18.413801994396994,-10.43950315020676,14.555644809368179,-3.9687309830810036,13.696618916554414,1.386628293680855,1.6225217857336955,115.19319822983113,87.00964257589236,21.657025239681353,0.235338494181633,0.05989851802587509,0.0005992928054183722,0.04758665710687637,1498.4280566681136,994.5389603962218,1286.8967273466403,1331.1945964824135,23.37220199849748,13.060149532774677,6.817910173236838e-05,0.00044765408290953603,24.814307900546712,131.48454401398536,73.570692068189,2260.584861626059,2479.197849210803,10.057207857987185,3.0069636465495955,-2.0908110798777576e-05,1.4613113881285834e-05,95.703125,-0.004677285427790898,0.08784957282821397,0.03796428098516949,0.05407942941243609
ViSpeech_03329.mp3,South,Male,SPK0164,0.3861856294103501,0.3134411739980073,7.01,0.0,-21.94039196367563,-6.57696983507353,-15.585807000571103,16.22505687956566,-7.892811885877271,12.631135688762937,-1.551536298916129,9.386309607928657,-10.148393809973475,11.777194069681245,-338.519197096094,96.33227877808727,152.01591821956916,60.021712579227085,17.801216216386315,37.69791069166622,6.006757602933128,27.117618713685268,2.879893923821967,21.050115829475086,-8.716049691535737,19.761339103901143,-18.43052993802334,18.532253297444914,-6.093545326201002,13.885736181077876,-2.844678546075708,13.532278761949767,1.3908937551221146,1.5738338274805814,151.66758875368083,153.26465513739936,35.41332975205563,0.4689759612083435,0.0799788162112236,0.00034331929055042565,0.07973507791757584,1646.8028919321678,902.4965954772863,1337.0791048791436,1000.5891910575388,23.6028629716484,13.637134439307632,6.483335656294823e-05,0.0002792732687437244,34.944281556873996,132.19124239927783,87.63348901518826,2373.6434835471855,2208.318287437814,10.019823977447313,3.417894794012141,-2.4239791141890297e-05,1.8834488473930077e-05,103.359375,0.0007042740254180817,0.10564959419598993,0.03519424539528146,0.03709196527404671
ViSpeech_03330.mp3,South,Male,SPK0164,0.38292906989853964,0.30616257710824973,8.05,0.0,-23.371963685416656,-10.219255729774213,-15.371092926964526,14.380874386030321,-5.054258594343638,12.351051579127049,-0.34900672235861974,10.29045043977469,-7.831236864441979,12.079598193738137,-349.7095307984689,83.22802931940352,166.776432906811,48.89314270528438,21.091792694254465,40.78113463154139,4.028852955218314,30.27782878613174,18.969786972496994,23.19915365312274,2.0232945784354723,16.854355933963458,-19.099460305829204,17.47516090762403,-15.197312181936434,13.099368983947116,-10.370407048017812,13.621259686835291,1.2720745145850147,1.4266262609834022,131.0032794257016,168.33250779176046,33.21288118671579,0.3083442151546478,0.06782587617635727,0.0006287975120358169,0.06820007413625717,1226.9102043810597,555.0197606726506,1022.3044212407524,573.1298654491504,24.061438674839263,12.936728968487774,2.5613133011084033e-05,0.0002774331448846284,28.880226108918205,131.77124439298825,66.68677025167551,1782.7878748649136,1219.6997696890662,10.218358989479192,2.712955754237515,-2.3304046652908088e-05,1.7342527774942708e-05,103.359375,-0.011682134371056073,0.1074884476396656,0.025912677863832854,0.018080079721281242
ViSpeech_03331.mp3,South,Male,SPK0164,0.3736898403194053,0.31340671159800615,9.55,0.0,-21.89523891946363,-10.744865207018394,-17.765836797901663,13.8365440523795,-13.253690307923431,12.043396870766703,-1.7060587913190988,10.850301308830435,-10.349836970610518,12.124752325103747,-336.0550727251751,79.80607091590807,171.9162610390702,48.69785927043003,22.126442845003652,37.5585712766127,12.156346229588536,25.08390005439567,6.185157009917299,24.75124420775442,-5.594594433473915,23.669656362799994,-16.2484020643234,18.259266844075707,-9.840563393164514,16.151380755307528,-5.358989343906219,14.243000277016478,1.5115910029061814,1.623125123919169,151.05766964841288,149.63524977649865,32.15813295191365,0.2902386486530304,0.0803956687450409,0.0003464124456513673,0.05547688528895378,1482.1613159024928,827.2837190711246,1188.611607869472,1027.5399291981582,24.483818515523122,13.202953354199371,4.439494103270565e-05,0.00028957675605184065,33.270580336261034,144.5043821345207,76.62950402191,2021.4523371051032,1958.7686650607086,10.657809684582075,2.9970718923046955,-2.4851676502663844e-05,1.4288052023212001e-05,139.6748310810811,-0.011467180884960545,0.109865593260356,0.030694083194106925,0.04024808082148598
ViSpeech_03332.mp3,South,Male,SPK0164,0.372461516522747,0.31146349971180826,9.93,0.0,-22.750927653001636,-6.364572150040386,-12.91127377543881,13.663347596750588,-10.567299725623453,12.714361053081234,-4.22085508325433,11.174503523107042,-8.781809930121332,10.547003345324594,-345.4827150175152,76.30688508226783,152.95968232244488,53.49890856382265,28.96590272281375,33.09334052430977,8.686256080447876,25.629319915695618,13.4131929446473,21.707251205505187,-4.269580396569074,24.188933485330992,-21.793064480262473,19.512292272735245,-11.095042375372019,14.428651736847273,-1.6768121553033604,11.868549375138912,1.1626426661507812,1.2796689820870932,143.1242587636628,156.1038364079002,34.964781421194154,0.4805853068828583,0.07285303622484207,0.0005025515565648675,0.07453230023384094,1410.0434829390485,891.0122436816457,1113.1616391951866,969.0037219343537,25.002304040408436,13.295356771160993,6.826810169200996e-05,0.00036448609833208013,27.278267006095035,144.89204629443765,69.7574713059474,1969.6843512704438,2054.5397320891575,10.78376127978416,2.7087319727556185,-2.1298893586788936e-05,1.3389305752871452e-05,83.35433467741936,-0.011061034858805491,0.13296256342472107,0.027932995947721962,0.03620176161570935
ViSpeech_03333.mp3,South,Male,SPK0165,0.4391051722563993,0.30317490509978495,3.38,0.0,-23.99623858893902,-11.238868786952569,-6.646917518578698,12.617622063300724,-6.929862677075185,10.637379761806406,3.7977766844418395,9.43169112231032,-2.1318749698849384,8.618218248241897,-310.72850520360356,76.78962053645394,177.8970464599267,33.273226567824935,-12.73421236643611,35.404153491274556,26.65818401591187,21.76216861378875,13.273013191515103,17.795763362830957,3.3601901385064323,17.624411799886268,-5.637039466907398,11.330967070564611,-3.3099842037224074,12.154922268549246,1.5306483752827371,10.567910821770038,1.4583519482663825,1.6428613821260156,128.518657206009,106.74463457582509,27.42606513324596,0.27419212460517883,0.06312206387519836,0.004335467703640461,0.04961099848151207,1963.6567847673632,516.2745871926918,1523.1702031122531,744.4036557050038,21.87553576038082,13.665477577028872,3.0041248037011685e-05,0.0001570665369757835,23.55304067362153,120.01462916083011,73.47305662021087,2872.3965579516266,1446.1511199840072,9.587909694455469,3.142990337559019,-2.86141162488966e-05,1.6811097498791906e-05,109.95678191489361,-0.005375213103934116,0.10158996445157635,0.03348739833047945,0.03064951716728319
ViSpeech_03334.mp3,South,Male,SPK0165,0.4126886328450228,0.31113426636052444,4.49,0.0,-19.814398072225103,-8.617770861268855,-10.918133603309625,13.966826215012416,-9.291732712769944,12.19914721642775,1.6042719220311734,9.835205173630218,-7.467014257841689,10.448665692312327,-270.9119067161056,72.42096594454547,177.3285199455267,39.385932380795005,-10.374253228792405,34.08759925374343,23.164259991179236,17.870183951460138,19.26862474464815,21.998764839063195,-2.852666232763102,20.31423443137978,-11.67512123847944,14.282977400935286,-1.4275694109182493,14.967684563895258,0.47668000124692317,12.0566381949918,1.3528189239622253,1.383991965822993,127.639673346231,128.17974362806785,26.008019103595903,0.37077486515045166,0.1021588146686554,0.003883879166096449,0.07354733347892761,1934.7977909745116,883.1175607268757,1624.2739156339142,1091.5440249851817,22.919123501929302,13.455525011291986,0.00011333798635143521,0.0007201937447042843,36.53432314971978,131.1790578513297,70.13383455216967,3236.3792242005816,2468.2395624539645,10.016787615266562,3.0114503902490726,-3.6336126589824424e-05,1.988536327862052e-05,135.99917763157896,0.007040080732437763,0.11872886159334613,0.03934890786498708,0.03826218387688374
ViSpeech_03335.mp3,South,Male,SPK0165,0.3955695924387748,0.3117945587512581,6.8,0.0,-20.157594732758174,-9.846678302057416,-5.058293531140742,10.372380733878249,-10.883233074239707,13.379934753496544,0.6499180312809283,8.721217661323616,-4.5041563693561635,8.80293610495946,-268.17299458950157,61.47614995366586,170.0685195641192,29.496184901766252,-5.980474454516479,33.8290055279617,36.86741787938499,19.755000226757982,24.050749647929944,19.725202796432917,0.9922187110800351,17.49419691820821,-8.010640454429641,10.717800208063105,-6.740680448293278,11.269987291475125,0.018740295495138577,11.57580329934974,1.3030498151043735,1.187003071373993,131.39386258580097,124.61375470168977,23.440950648126776,0.32185831665992737,0.09820098429918289,0.006201539654284716,0.05984140932559967,1981.2174714084424,587.0581398247335,1481.0716675455733,632.6367979119816,22.440663306506213,13.515894249559642,4.040340408172856e-05,0.0005664974022099249,34.199228452070784,151.60190141674855,78.0618417265666,2856.5667995413824,1562.943645483089,10.899884649426266,3.016851692839394,-3.4933970282785574e-05,1.575230356736094e-05,143.5546875,0.008285574040657544,0.10465933122729534,0.0290394024637372,0.015834074376296085
ViSpeech_03336.mp3,South,Male,SPK0165,0.40607026560666504,0.2995717071098625,7.92,0.0,-23.123466580589643,-11.081853843536107,-7.435835528006226,12.928486596436748,-9.33517385682958,12.134896876828975,1.469130873745414,8.831491832526027,-5.481330977877973,10.342624825242096,-290.358756551858,72.99039510436194,161.4821145961416,49.00264350690033,-14.294310535205248,34.252641724978346,32.756479633987226,26.301129585142238,13.039485179417143,27.279295243479602,4.563832758621753,20.128897630186046,-8.360433173980596,12.01794385199098,-5.432406637500445,13.398187956074066,0.6141720400022461,11.141658523443827,1.4399899007483292,1.4573097870990563,119.81070429430072,112.14330150231899,20.94833218027339,0.27919378876686096,0.06979437917470932,0.0036556150298565626,0.05314926430583,2134.1969432357587,658.7449984578325,1979.8825403246706,1478.8715864289393,21.97700192040707,14.010300351417033,3.8336323621411645e-05,0.00010601184778580597,28.35586390018718,111.73655795710818,67.69114592214117,3624.072766059663,2213.8035948419815,9.085328846740762,3.147244757114692,-3.1649514935774144e-05,1.8923943148297774e-05,129.19921875,0.002140110595125861,0.08965232247570097,0.05354078971449488,0.07166023225406067
ViSpeech_03337.mp3,South,Male,SPK0166,0.4916742303813208,0.2974074302447435,3.01,0.0,-21.990385097509908,-11.001797893385435,0.46312752518850536,11.872877191596501,-0.4169881569796889,10.927541668794193,-9.348824218744392,12.54380183837489,-3.4481003289025685,10.360838590476302,-295.2740883719471,109.32667244854503,163.9824087212356,35.69307700718551,-15.637492314456034,40.83507707238487,27.42691464495455,23.339404018634497,19.103968703512816,15.09535825164587,6.242659880587854,13.414449314649325,-16.542928821618037,16.639690979836892,1.7499815498277147,9.52562470532971,-0.9031799595932352,12.75529413814868,1.5627983199241045,1.9742941529307603,135.58812292587146,95.95946296455044,22.532993787068772,0.2817789614200592,0.07951980084180832,0.002551786368712783,0.07006833702325821,2253.1889903961555,565.7188238797627,1756.329936627761,648.3820213194601,21.59462649139519,13.833065564378511,3.883578158563234e-05,0.00016110466372732952,32.347345219543605,122.78484680423934,62.77171553660786,3338.9716045673076,1515.333532028337,9.650060658722428,2.6420333891102707,-3.43450794403969e-05,2.5536096324631472e-05,123.046875,0.0008533251022307925,0.08150619358994199,0.03417217548076923,0.016874663152933848
ViSpeech_03338.mp3,South,Male,SPK0166,0.4767270180867438,0.29917535767851244,3.07,0.0,-20.48299332787359,-10.274172747417671,-7.993336588260843,13.467689385318794,-5.7211329167827,11.050436438482297,1.4964288668296908,9.503683680722808,2.8110683970237424,9.34653726709735,-262.77152071613085,72.68280769513295,178.66655348585437,35.161730169237195,-5.626115958189385,23.761014691579586,27.00470451189552,17.440754035516598,12.581878606411593,16.983918830488008,2.375221092755333,18.38462765359366,-5.777755012173576,12.479197514285936,7.269122829832613,9.692928314271024,3.2413986837447504,11.464024007861532,1.457578296097467,1.3421405347855437,120.43036214182318,98.64923887020092,26.824324501161385,0.3064008355140686,0.09459011256694794,0.007343760691583157,0.06667613983154297,2101.99803678581,656.3136099325684,1510.030428912483,665.2102164679047,20.877736084828552,13.602259868599472,2.4870051058740004e-05,0.00010326367945999568,38.493815205844435,134.008755492748,75.46429393123188,3024.6430940448113,1700.9465906524986,10.072281108704876,3.0229420994803853,-3.6469662484933766e-05,1.9460245306274453e-05,90.66611842105263,0.001716836556789399,0.0768244215917572,0.029317143278301885,0.018811035222521002
ViSpeech_03339.mp3,South,Male,SPK0166,0.46783624601915347,0.2996131059057245,3.19,0.0,-23.87362770035076,-9.55623674314837,-4.565816168697432,11.663880860740832,-4.777657347217679,12.913922621036557,2.6593299191724813,7.209964208004276,-2.4688091162556773,7.319290360972385,-280.600759960595,77.49665963486346,170.96630462373398,34.48253801272467,-22.829998398507904,31.84362842639715,24.16539044562951,19.286284887114284,7.65422782735773,14.980985660328994,-4.491039835151527,17.372414743738304,-4.371878427442429,10.556882293577008,1.382601779903293,12.905160513659665,-1.7080802957804768,11.796008004774711,1.5196310548754088,2.0721345686035075,125.84309248766127,107.23654570895151,27.720438511701794,0.3328027129173279,0.06401943415403366,0.003894532797858119,0.06088095158338547,2193.6792851512464,676.4740549937425,1867.2550077758192,798.2881272943744,21.104481752815897,13.798280846290519,6.546030161232705e-05,0.0003067596715073057,25.323185120270473,97.08165573044195,64.28584886098677,3637.310369318182,1819.8217465168264,8.360309416342355,2.9043450783831237,-3.327988773439507e-05,1.884086429753399e-05,123.046875,0.0018750696306167418,0.08479822603318031,0.04703835227272727,0.0316104865676827
ViSpeech_03340.mp3,South,Male,SPK0166,0.45651372100537324,0.29764347909306527,3.33,0.0,-18.77322194375074,-10.539415537691838,-5.23729615263742,16.830863065865078,-6.116428837476539,12.668308516344267,-0.9527455056594706,11.85217851877116,-1.3853053990026454,11.316401761297032,-240.3719599859747,68.40936045899763,178.28069504595157,49.41752166344899,-20.711043113467255,31.41961528549693,36.66420809234521,30.91273143135032,9.584304362534732,22.07748957857066,7.656725219483544,17.59124081902604,-12.054646540793456,15.60255296450428,0.6013509349580507,10.699464058996714,4.368592623066093,11.98568210852051,1.4316016590758458,1.1971745108519378,126.34113544091085,98.7367014234894,24.7214800955182,0.29718559980392456,0.11516887694597244,0.004352716729044914,0.07018681615591049,2079.0878171526974,717.3263568462692,1895.670352568269,1293.2952165208044,22.048462439679792,13.918221112114326,3.511550339746075e-05,0.0001782674951471656,41.728345902427456,113.52581764752091,71.37252002535432,3465.195074314024,2199.9096165998135,9.123096987647793,3.089494745411385,-4.346750961393194e-05,1.8452228989079985e-05,143.5546875,0.009535952079669712,0.10843589253788785,0.04870222669860627,0.052630783019195986
ViSpeech_03341.mp3,South,Male,SPK0166,0.42242589421543686,0.30309345033864254,3.36,0.0,-23.012179395784198,-9.274131904517143,-6.958538108016488,11.218309261710665,-8.401820286248414,10.58443800348268,-0.22485540004058058,10.161682858915597,1.3411575589033384,7.928103107834539,-284.5359275708752,72.14056810522008,169.41955870777375,39.50907197931558,-18.774719050884524,31.468480614685262,23.29983226609134,18.950518452903335,3.8083837851321074,19.549716449351443,-5.5046840753937785,15.046656502078195,-4.855763180715408,11.726886495446148,0.992455596612299,12.623942642502294,0.18244184355562704,12.572311497334992,1.3343922171814975,1.3037090152015693,142.0064888634861,116.69291286999444,29.227633923525637,0.34378913044929504,0.07069437950849533,0.0034748681355267763,0.06369216740131378,2093.6924310941718,592.4681319987791,1784.5183415224044,898.0616687697456,21.720669923604387,13.802251596110283,0.0002864678421568402,0.0029463390820416687,26.142187064113813,108.37644586471072,71.98700738225939,3343.883688038793,1757.2300624230036,8.931610962262468,3.1527741965034743,-3.136026618546756e-05,1.786892400811698e-05,103.359375,0.012776182850914183,0.10659530805378493,0.04306303879310345,0.03512601391082129
ViSpeech_03342.mp3,South,Male,SPK0166,0.3818946810073747,0.31112214814463773,3.5,0.0,-20.22570825343637,-6.305984846814399,-11.220348174529022,13.173774053189181,-13.527561715466838,10.472995036121784,-3.8139129114191572,10.263033617018861,-5.136177249796005,10.9518367272701,-275.7508934584458,54.79040100720295,159.99556411947455,32.07904238138727,7.927120043395676,27.14705116842341,25.966988476695672,23.131351737730515,21.44249762792628,19.50821102119007,3.9728735275418083,13.725226993800444,-3.7987036769199016,10.785840136763811,3.197326040580054,10.715904242535512,6.272845557695727,10.27644906888905,1.2726804963894087,1.0240853415059668,135.55881694589607,142.2840711304849,32.206695898261366,0.48383787274360657,0.0974339097738266,0.0030710704158991575,0.08072898536920547,1938.0438319847801,651.3330510896601,1378.9932677780046,733.9505822228778,23.011873109521463,13.609777553671643,3.4321742176655005e-05,0.00017245215428872947,31.238207880978642,158.45050639080355,80.99525547266192,2726.0892552255796,1750.8818711465058,11.26012788095317,3.0438360089671055,-3.0358590945425487e-05,1.312186237060317e-05,77.1338619402985,0.005568701037058943,0.12455662804529125,0.025950046564569538,0.017773741083102427
ViSpeech_03343.mp3,South,Male,SPK0166,0.36739115429095437,0.31029739099594983,3.68,0.0,-16.830206251984638,-8.744156558882963,-11.688422623313269,15.467171300992147,-11.865032747163,12.883499284068478,4.009480877557829,11.581078759715535,1.2978327276114041,8.911020955759373,-214.58094514321763,76.20408458746357,168.8594549814084,32.37583113407327,-39.35072243230544,28.985068045167246,7.842918382932875,23.636139852664577,-10.5815501508887,26.212519454131616,-0.5865613170496107,17.183442120076347,-16.398672681272384,13.803891061378039,-1.7141695459326853,12.07370869424596,-4.066613166348577,11.954477186492275,1.55244128615586,1.5136726932708218,179.7805512916572,128.04565990174768,26.900320017430857,0.3654188811779022,0.14404118061065674,0.003564789891242981,0.08469730615615845,2189.6398300699384,545.9287900418528,1882.4683020127031,589.2033490695181,23.654785111263475,13.333832389527007,5.641694374845542e-05,0.0005326398828333203,59.53619863825584,117.87306208025291,74.64746925696116,3379.15054465694,1411.5392567734607,9.339825929180154,3.1087325277891606,-4.825157834183145e-05,2.134945061554329e-05,206.71875,0.019694659477811974,0.12703270405289657,0.042910217862776025,0.020242694017883974
ViSpeech_03344.mp3,South,Male,SPK0166,0.4592257357810329,0.3025159809061992,3.7,0.0,-19.900866500268126,-10.011656722989155,-6.4006348163484095,14.47710252322116,-3.2611201806817913,12.331915021607855,-2.4401803948641287,10.91096797063329,-1.9446126742494068,9.012912771952431,-250.40726929094373,83.29699420586604,167.15816518230193,40.83424790442733,-16.18318422420307,32.74608548326874,33.521407951602164,29.525307261222256,16.600700266253302,24.22826564582704,6.6977843220446,16.26702229639812,-13.482907918892321,14.395613950695024,2.3078958907269964,11.148430267572628,-3.822547689486543,13.194643996402776,1.5366020436994552,1.697784592948346,119.01898447155018,112.55172069303327,25.48870842829115,0.315802663564682,0.10114685446023941,0.0033274120651185513,0.06584125012159348,2253.1988944159943,681.7760434161139,1869.4669957143528,1105.4762547640246,21.467527398547336,13.921895099167436,4.654535543039274e-05,0.000246008382674683,42.70401324501694,120.93820961403804,76.16112842440339,3593.61484252547,1977.1680076349714,9.442404910392899,3.3288257851050767,-4.108234893495767e-05,2.1750595729576014e-05,123.046875,0.0049457789321924895,0.06962831410554564,0.041937083659874606,0.046715235421450785
ViSpeech_03345.mp3,South,Male,SPK0166,0.43012317256831817,0.30193231950893157,3.74,0.0,-18.707291790167147,-10.914395116407597,-6.165083710238276,12.652347011519337,-8.575199530922486,10.205755581891516,-0.8613853417001012,10.860679068737417,-0.5811302578310056,8.305933239970575,-246.77953694426296,55.533478712422884,195.46102559294926,38.61576822719099,-13.365174785248383,26.761955207704293,28.6390621539909,22.982829582206087,9.282600403437046,19.29546633453742,3.321237420728141,16.583491682846706,-4.623071034302862,11.47680100353281,1.381839602966527,12.524810175101194,2.085332258123764,13.565980866304844,1.4741096521545591,1.3681563059876058,135.29728466036659,89.49452888316148,22.308980664344446,0.2846287190914154,0.11604639887809753,0.010124940425157547,0.05616748332977295,1840.563349130115,656.2606603738516,1411.126624241833,869.8932863518278,21.895697993953203,13.171131233072472,2.4890510936078684e-05,0.00010735424009338578,42.487109771502816,136.6946590133401,83.8609807079316,2665.7172141060373,1830.424032349844,10.241832262547721,3.3252853505505127,-4.122109266750731e-05,1.6439011929256167e-05,107.666015625,-0.0015872094758735199,0.09223140641201424,0.02952363099845201,0.028444940960024867
ViSpeech_03346.mp3,South,Male,SPK0166,0.45631307498813367,0.29749103100662816,3.74,0.0,-22.779883220494007,-11.030929596397343,-9.532288568969292,16.148271629649564,-7.741797692023057,10.383540851451382,-2.9437702997939326,11.061136619752837,0.5339276219625844,9.614112269122815,-290.74825420684135,71.37510410051986,177.54763884633527,31.1224702828304,-9.341727167965518,29.774280034079837,29.927549002229327,22.9335515981406,19.046679460456367,18.74015426462465,8.183781589950026,11.804357279046556,-3.521054027175117,12.541062077287602,2.912805951385167,10.710443868771007,-0.633194075841892,11.114146929516847,1.4550645969320384,1.4454743932794667,131.64802401022777,145.57949492801038,29.86727913149683,0.28083547949790955,0.07261057198047638,0.0048773931339383125,0.05287132039666176,1998.4235443075943,522.3200569524801,1464.4597289383642,705.7543170650447,21.626987116561715,13.5287560695865,1.6933631530864047e-05,5.9211072031448324e-05,27.882455432694666,123.84343988000282,68.3933215190617,2857.3160555340555,1505.8790853714058,9.807556622385203,2.8808965344737247,-3.154422893324039e-05,1.6816232493404353e-05,105.46875,0.009240300571411925,0.07509222387201375,0.02750701431888545,0.020373730104244907
ViSpeech_03347.mp3,South,Male,SPK0166,0.4217198780080374,0.30622686075745414,3.78,0.0,-20.643050790884928,-11.749113001605519,-6.6998161079270755,16.704279723746573,-8.52092044119264,12.267940459573346,-2.3850135539882937,11.76282196773662,1.167817882534878,10.174260708677403,-267.3250819768385,89.40911318184996,167.2805427207384,37.78468173775168,-29.068009252132843,29.71568325258387,17.397488882542937,25.709576351762642,12.403199540005815,19.172134943056047,10.849859082761814,14.70493201016397,-8.964546737680065,14.874843550240673,-1.3559723763708278,12.985395025009446,-3.537083971377445,13.290882859566205,1.583338567754022,1.677432910343986,158.20614928437627,119.42178878303238,30.786994371218125,0.25854888558387756,0.09286301583051682,0.002840429311618209,0.06556443125009537,2127.778821300626,549.840437624798,1806.858978189379,796.2540891799273,22.357200022628003,13.491338490373169,9.639791091575932e-05,0.0007731557765185993,36.900490134471035,123.24103716991138,85.36839430185363,3348.8094025594323,1376.1530438719794,9.473503395843592,3.73164291282652,-3.7492482108693956e-05,2.165157490270601e-05,120.18531976744185,0.0032722457073194895,0.09608055082309282,0.041156417753067484,0.030719262567310977
ViSpeech_03348.mp3,South,Male,SPK0166,0.4207384931765639,0.3077935130644705,3.97,0.0,-21.420571724428505,-9.234347981289371,-7.450418247828547,13.282791498332045,-8.547319909072508,11.46476411772723,-0.4646727744743667,10.478257194631029,2.2014046914312706,9.864937835976953,-268.26946607859577,81.24916486155605,174.2932006002415,39.167209683755765,-20.259295842559276,34.95735382760179,10.049526633473274,25.869523025505586,9.221002465559794,17.2527841063352,-2.6705793055500915,15.354571544932638,-5.433275083562889,12.869403615566789,0.9072232240465814,9.866846901142724,-1.6190550419950782,12.356292763736802,1.3189135962894323,1.4753317641095338,152.03744358383238,173.19576323784975,42.38042624938572,0.3453674018383026,0.08491145819425583,0.0034376555122435093,0.06570699065923691,1923.8568243009975,589.1362047441438,1618.005389632551,641.286291265349,22.46412037516106,13.45175690955651,2.170466294786347e-05,8.68134078769065e-05,29.802525336588044,106.52421553800956,72.00403321602528,3036.3075657894738,1376.2899873534186,8.88934802173335,3.1267550134689364,-3.639551968544427e-05,2.0412560706898714e-05,117.45383522727273,0.024943079990516648,0.12926511427281387,0.03827154148391813,0.017954942819811047
ViSpeech_03349.mp3,South,Male,SPK0166,0.36891467703981157,0.30990556727718316,4.28,0.0,-18.585076328681925,-10.09523926939196,-9.281912569461461,15.924215443266728,-8.164683312157587,14.812420785400962,0.6388618815094561,9.60531327888763,-2.4351462089578075,9.435404956660642,-230.87563074281135,82.54330246412975,160.2825921209995,36.00292073081361,-32.787607195162,29.71157615037395,23.024821104714977,28.918536602605784,1.8149013230164737,20.666214318040506,9.713994675260487,14.0195662973415,-15.682516555092972,15.430843085886316,-2.0261109977625833,10.875646959315837,-8.051882047632661,12.773895309103148,1.626668458465161,1.6690379241055144,173.15922814362023,202.9333741426357,38.49764226882684,0.3127783238887787,0.1176907941699028,0.0036372579634189606,0.07323915511369705,2357.360764846287,656.3664205247671,2033.8203348279344,959.3066220592353,23.152163187335532,13.735774612213953,4.408457446986677e-05,0.0001379310169251546,48.91988652971188,133.9071825632681,92.6698721327827,3804.024152057927,1955.8017867931053,9.914186927009121,3.710568141051255,-4.427549372536786e-05,2.2085223443634268e-05,112.34714673913044,0.015503958557901354,0.11015525435708269,0.048057990345528455,0.03731270418761338
ViSpeech_03350.mp3,South,Male,SPK0166,0.4205692258965171,0.2988280146124485,4.29,0.0,-19.64590746756818,-9.562880266723775,-11.085634128366328,12.698977998448058,-8.741299218111669,12.258718677140148,1.34670787339413,9.222161920760009,-2.9598086360841886,9.814236195407094,-255.71583122039218,53.673190562400585,188.39430418581492,33.91133221329696,-8.233875851847605,32.306287893698745,20.651324503162474,23.906414988720634,14.887606492319756,17.29267620758623,-0.23787758146920776,15.791701242711374,-1.4462305394861137,12.455302370298899,1.9867706931216598,12.19150980748637,1.529654942602252,11.485847806009353,1.2349516596775165,1.1637216063823819,113.09438154815166,89.7631924190837,19.166010465923836,0.33254826068878174,0.104159876704216,0.004338908474892378,0.06155795231461525,1740.061648320051,552.1677071021126,1350.949918431486,657.5000996496562,22.374948417419372,13.486937689971958,7.31400259366874e-05,0.000761616869227473,31.188892725433718,120.56577301086308,78.21769716744772,2464.213207347973,1490.3105300573034,9.522038657409805,3.41515507696136,-3.798253797510867e-05,1.5142067603964858e-05,178.20581896551724,-0.016875323972277652,0.13237150672275524,0.03153637035472973,0.021786167426059173
ViSpeech_03351.mp3,South,Male,SPK0166,0.4117850009155516,0.30798467567694787,4.6,0.0,-20.283718280307447,-9.797644300317597,-13.547552010953872,14.78101765797564,-6.82683693437443,13.173288553294716,-3.5873974513735862,11.28544967108409,-6.281930525431059,11.789023597201973,-266.89222871691175,67.7912488433637,170.59659940909904,37.82508941181759,-14.295687083273137,30.423266845391638,18.34522365188185,21.66907148994721,21.889446735396653,19.81947710818847,6.892555034224516,16.95515969610888,-10.345446479160154,14.35242367347851,2.1124199474938052,11.81572476520627,-0.13854188777855925,11.541747048651105,1.420942283869514,1.3727974009424004,135.62443114708273,108.9450239006737,25.250126906039558,0.32368043065071106,0.09678534418344498,0.0035902136005461216,0.06746599823236465,1986.9299411160384,655.2940218733675,1619.0871685330087,878.4104912695982,22.916849730341827,13.544535210262703,5.162681564408853e-05,0.00045554510821696,32.944062053299575,136.62874065451413,84.2904426937467,3137.176160067695,1777.6669040305976,10.126065123379009,3.58037662818135,-3.554853820616829e-05,1.7903764945327327e-05,117.45383522727273,-0.00037970259812653755,0.11072427184028481,0.03536287783375315,0.031182982669378516
ViSpeech_03352.mp3,South,Male,SPK0166,0.4232085821137044,0.30375772389259537,4.81,0.0,-23.586537545452316,-11.700093752441186,-7.796569997687832,12.784937984760726,-11.837177044933252,13.097448141812537,6.281564517345041,11.574836872729149,-4.425618074673827,10.88823079527139,-300.8536203786154,64.56483601628648,174.95283743290113,32.06249312708818,-4.700707448104477,30.609780426107548,35.88600745713506,20.659343957298706,9.099177713867912,22.422676449038843,-6.547291022407047,18.123056275964508,-7.3220076160361645,9.963702974814131,-2.3496310978188597,11.69750595274823,5.943950611208627,13.639355028282768,1.4539990833513148,1.5648657481638333,124.9716474356962,89.07784366634438,23.682078425602338,0.260012149810791,0.0661708265542984,0.00286676874384284,0.0467856302857399,2029.501984692349,618.1354533734309,1566.8807177780343,841.7411131062091,22.38016620390266,13.743729197513048,5.7100060125390546e-05,0.00042741825328160824,25.02107462820822,112.34742979921789,57.5945564770755,3045.054358057229,1902.1277345891256,9.328337927923336,2.6605447589938804,-2.884980287834077e-05,1.4886537929231921e-05,112.34714673913044,-0.006202637420014229,0.10208286465192297,0.03590102597891566,0.030533271890329786
ViSpeech_03353.mp3,South,Male,SPK0166,0.38608429562043006,0.307605225770354,4.84,0.0,-21.312593906255117,-9.173053355575846,-10.567938892205403,12.000764729497499,-11.289455427431955,12.82801036338663,-5.334032049071296,9.752950671517507,-5.856610043781986,9.826537271557697,-278.1161870387209,75.61120650342562,156.6486072211782,33.591188563780754,-10.944593741041864,35.704552496828015,32.37173112415622,22.426360760928716,22.01188387495692,21.355343057295812,6.08454770556703,13.740421282385661,-8.630082454803686,14.65546292588462,-0.5156797522260966,14.601600062414347,0.012072172914171257,12.233545598607149,1.419988413363456,1.577722148405262,140.96382842170968,157.91767561594298,39.062876957317314,0.347813218832016,0.08597362786531448,0.0032826613169163465,0.06934363394975662,2115.470874961633,545.9257816100051,1702.6062751854713,917.2007564291117,22.51964607243708,13.764086205812609,7.882152314847495e-05,0.0006629240875371584,32.428326916966675,145.2015758592763,81.9454305650824,3263.390498538669,1709.767226808894,10.547149275472833,3.406009292111123,-3.295469900790143e-05,1.8236507150481068e-05,92.28515625,0.006534796697082668,0.10038735130467792,0.03586232576438849,0.03481199214600312
ViSpeech_03354.mp3,South,Male,SPK0166,0.44455983202937976,0.28915974433403835,5.14,0.0,-19.447088789379393,-12.126029917303542,-2.5959221893047744,13.824957939267266,-9.380830929860553,10.570130301006028,-5.998847033040359,11.199111373264742,3.549575369179806,8.417763881638425,-239.85572342995872,57.017056788449324,192.56588372524757,30.86663545610643,-27.395727669941138,29.61996419348722,30.31169700034767,21.874149444414208,7.072488864433751,16.84848468051534,6.76633807171344,15.827635283099161,-7.031583019741093,11.982705311206622,0.6529832666837019,13.895399713333394,-0.9551849286145035,10.286944570200744,1.4400869723522967,1.2316991816804201,139.89028749815847,98.79983451679975,20.988090011491494,0.247569277882576,0.10657159984111786,0.008332601748406887,0.05118967220187187,1965.7682488190942,500.58499455596495,1534.1794354119902,717.3746828909577,21.735936368942966,13.414512700721858,2.8812308310029597e-05,0.00025925767857806075,37.55610902496155,121.02139093443489,79.48730481926637,2856.0901788233637,1421.2865885347342,9.535832034423844,3.255356257522116,-4.307711429916048e-05,1.6749611909352597e-05,66.25600961538461,0.01303517299641705,0.08737627169110303,0.032238686865124155,0.02588510002851937
ViSpeech_03355.mp3,South,Male,SPK0166,0.4311559286356506,0.3081064756026012,5.92,0.0,-21.84317604648484,-9.562390660608115,-5.500871124508833,12.993676889512898,-7.984630352113317,12.204194202640553,-5.951920871260675,12.342980019641324,-4.567870596661114,8.985205093323016,-278.46045574777344,78.07916750261688,154.781826780583,37.98384165946881,-17.40957930011823,32.64117546216631,34.8823814799908,27.290589566673447,26.381341347465924,20.24476040455216,10.540196574900499,13.364079229307425,-11.092140692387643,14.153548090803074,-1.4349683262587751,11.395534380451593,1.1765058809239104,9.761078345640525,1.4641577836624693,1.6608533108118435,130.47187619873512,131.50679508319956,30.493664910705153,0.3325670063495636,0.08087901026010513,0.003566417610272765,0.0650905892252922,2203.2769867581414,609.2159150129172,1861.6893259234926,1000.4703321411181,22.103204863017016,13.909329918125165,4.918595995447351e-05,0.00026129092685408324,29.66067855696053,123.9080366440122,74.28589220041394,3588.5716337316176,1782.696575447857,9.667574333658633,3.327396062783368,-3.337677616389927e-05,1.8823095342973777e-05,117.45383522727273,0.005940931133336178,0.10826506157186327,0.04138135723039216,0.038545193783254876
ViSpeech_03356.mp3,South,Male,SPK0166,0.43071272664027976,0.30309717302039746,8.11,0.0,-20.79307087078616,-10.365662141463917,-9.26047396877979,13.742902266058442,-5.226732278215129,12.258695579237203,-1.3998476162190292,10.196645796510307,-1.9057186908079171,9.161215468521307,-271.1326061178661,78.6620652083851,172.5060378101438,41.77655781091343,-13.115001558715125,30.241987499608967,25.111842537969807,24.877962571389087,12.575166235571338,19.378397863441915,1.0445134181812266,19.68933698425058,-8.968216326413854,14.202214411968658,5.688642376699114,12.771561778336288,-0.9604217189465998,13.245078574174507,1.3745059706666876,1.3884830186676582,128.58019107412719,116.94228231992298,25.693971115037648,0.3031904101371765,0.09127286821603775,0.00313113653101027,0.0668286383152008,2124.9331568409634,709.1553539599998,1679.8553180456192,870.9008640046662,22.10986337759507,13.65625971428049,3.785062681985715e-05,0.0001484355035493562,33.68125598739066,127.31931380911624,86.58302695291896,3256.2269480954938,1940.0719405164907,9.75840353573371,3.455507056703811,-3.5409035808160676e-05,1.9494097553943863e-05,139.6748310810811,0.005366214394372316,0.10436940377415799,0.03606784804184549,0.0280249546484945
ViSpeech_03357.mp3,South,Male,SPK0166,0.39286716652050646,0.31493504110718323,8.88,0.0,-20.243104758739904,-11.256095455400805,-11.190259072171086,17.252516951055863,-10.68638649565496,12.44366154650722,1.6832421333268675,12.48571772932161,-1.600269411834262,9.019998932219805,-270.1789280621954,97.06938412245623,158.7620576078589,35.43451687540153,-27.771025476922446,36.274531469779106,18.97803281868277,23.34070011728135,5.276529763647478,24.427329875322524,4.398421467219127,12.535368557534877,-12.807466906853387,15.636785800110957,-4.156672077252851,13.350780229700806,-3.673958637264551,12.990265772435235,1.5387247689958667,1.5207062264573445,178.13490026619488,165.7879879950052,34.91638774352019,0.27364885807037354,0.09723895788192749,0.0021423918660730124,0.07240486145019531,2236.8780442228986,557.9370105932124,1867.505880361852,659.2968706145208,22.84938700671454,13.931230428526938,3.271994116134203e-05,0.0001402604861630584,40.95431456703941,132.65109563694256,80.50190799621026,3612.342601102941,1432.8778182534745,9.916678615762269,3.4139824288375094,-3.698922067946855e-05,2.2969190420691066e-05,101.33272058823529,0.01648186846937772,0.11112657282890005,0.0404507506127451,0.024088497525112305
ViSpeech_03358.mp3,South,Male,SPK0166,0.39823413598233726,0.31516231373287923,9.21,0.0,-20.166198258494777,-8.274339372901103,-10.936972561741403,16.483732199504434,-13.352770657108813,13.53953224639998,-0.5462703443135924,10.19126801124432,-1.188216411198951,9.492007702630135,-261.74522022423474,77.7801733836132,158.9973016506815,39.77685887183729,-12.159431294936361,35.25674201692888,21.023247473481955,24.958643466058444,14.093075488479737,19.720981990348502,0.16038130121635646,15.576666861797264,-6.841626786056058,12.663158669931816,-1.7997798003765908,13.431340714029188,1.188687964965382,12.134106172718827,1.4488467461313745,1.435610218267273,162.55993479485596,220.76050416033,42.33886062188624,0.385728657245636,0.09810376167297363,0.0035575188230723143,0.07376082986593246,2043.0450010220918,580.8912733223735,1700.2041579444779,845.2895918938822,22.731880134293842,13.766562293879044,3.7966867363023895e-05,0.0003393611336733475,39.83944218992824,138.71524667969192,81.78475509023292,3245.845612110359,1601.588742670766,10.22429531777037,3.417136891226209,-3.6512239957404e-05,2.0108649625535194e-05,109.95678191489361,0.007809731371145018,0.09583677625999489,0.03781904321473552,0.033377132349968
ViSpeech_03404.mp3,Central,Male,SPK0134,0.41056400961346134,0.3171215814887608,5.09,0.0,-17.563864662087166,-7.798247213739412,-7.270206336382104,10.476321313640174,-11.297726767738792,12.613130217559013,0.547586499641398,7.8048611006091795,-0.90317038863285,8.925644224894468,-291.78081521143116,63.64175174786514,170.30495873999237,38.43013927662834,21.885405982402627,27.419859029356534,38.05351738000417,23.128987125080602,10.360612861572374,21.183223926872607,1.222063799349139,17.465580195440673,-5.560364345945468,10.67208728770696,-3.4416635853157618,9.597478043515395,-0.08655988455940278,8.797375357289976,1.319212959466667,1.1541856244866167,137.77420028978113,82.61829548990593,16.994343350776436,0.4074614942073822,0.13237424194812775,0.0029636851977556944,0.0955352708697319,2102.0136801103345,873.7102146297457,1353.8479697694688,897.294848775854,21.6728431998081,13.371363400155573,5.686950481780492e-05,0.00021905844014310895,41.73223380376558,150.39380319309512,76.7062497461846,2578.343558691629,2348.5748781125812,10.979041812620356,3.1609530332386977,-2.9130652275186138e-05,1.3574786629792875e-05,80.74951171875,0.005337638830852244,0.10173337937134279,0.02678428423974943,0.025150079191788195
ViSpeech_03405.mp3,Central,Male,SPK0134,0.48599210050389596,0.2903457510652946,5.22,0.0,-19.632394816503613,-11.049294492668553,3.058855075347255,10.503172202274035,-1.4259806794637522,10.91717979941936,2.623608323087822,8.285983729899266,2.7037886927202353,9.464462643775901,-272.9505947450048,58.3117370777858,179.88867009588049,36.141953658791074,5.662359066299778,25.52346656469025,34.18344333974676,22.985640455685616,6.703721141889835,18.529619137946757,15.322653400991879,12.362991027606077,-4.301826013821881,10.104882475336927,-8.006318956330247,12.750818396456044,-6.401095563487116,9.626151265011872,1.4471228415796087,1.2150253765270234,115.51334296737787,92.72676850156678,17.07891963527084,0.28024232387542725,0.10432204604148865,0.005700262729078531,0.06119319796562195,2226.245498998848,750.8813614352401,1450.3612636058333,785.217137909533,20.717248209966247,13.392299638427062,6.51475156746298e-05,0.0005057548325096788,35.453842255712274,144.18350243354638,65.12926855283386,2821.6630859375,2133.820642367006,10.665983096972964,2.554636441903752,-3.3141510638523924e-05,1.404509645231282e-05,90.66611842105263,-0.012326904819769856,0.0969855619494643,0.025113932291666665,0.018914812319217118
ViSpeech_03406.mp3,Central,Male,SPK0134,0.5024063610182872,0.29177519089013354,5.4,0.0,-20.640624599400063,-10.78826812312517,-0.4398664382364579,11.734042102514907,-8.260570659535784,11.071093257414548,6.537157093433253,8.237311228153208,3.331996211958594,8.32627354853445,-286.9517151504091,61.464380018202384,171.19611580084518,32.87902911321788,18.487260902699866,24.189305967460577,38.24746515061652,19.38717372823471,0.11899295820461903,19.306092460794407,10.93222698796978,12.235473701124093,-2.689500602523851,9.743072549420773,4.556032251627177,9.121550597479342,-2.3924935942473953,9.322249073669337,1.3089343713992585,0.9779718350177392,109.36913818634166,65.74211580357374,15.726331067987626,0.2887919545173645,0.0928889587521553,0.00626018363982439,0.06092056259512901,2520.724152932895,819.2285363617658,1526.8218293925636,912.5770378874905,20.6790845369375,13.696120661727866,6.470053064849101e-05,0.00021154371261803619,29.62237374932081,150.42785745503485,72.45664804928732,2859.2951565853004,2518.931434517997,10.895829466409992,2.8892263510049196,-2.8925263835468984e-05,1.3599959621891356e-05,107.666015625,0.024673316423808753,0.09476572883488306,0.02631898806330472,0.026949715775466745
ViSpeech_03407.mp3,Central,Male,SPK0134,0.5195941222675506,0.31791587188730697,6.12,0.0,-18.978123807748595,-9.814697805818653,2.839662760809708,8.681131038214216,-1.1795290231837505,10.443879835726756,1.7615992216280887,7.73626993459256,0.7997269744351705,6.895664865832443,-221.6516982826154,36.84315541461225,160.23901606880065,29.782956486725553,-19.577153770503237,20.0226664330513,54.646092847547415,20.757444428599086,4.896604875179576,16.371816562441524,16.896669487474462,11.917179820566314,0.793883179683816,8.469581997541512,8.386869211248298,9.180200822128862,1.5681195737341584,10.21344970001514,1.2319175622636447,0.7650211283446651,134.24023473176499,126.13317471922969,29.485575321441004,0.323045551776886,0.11248379200696945,0.022935710847377777,0.06625210493803024,2584.1894340895506,606.4588215631899,1908.5142268319667,815.1045275713387,20.08602386701603,14.339095961402172,8.66313597803024e-05,0.0006003271226868474,38.29227377106708,160.90699824857094,79.472549430076,4034.6208052201705,1960.263210458408,11.209985534454727,3.081433196291444,-4.15094745245076e-05,1.07086298778868e-05,132.51201923076923,0.010063208274854489,0.08020665088337696,0.03327063358191288,0.022404303107103014
ViSpeech_03435.mp3,South,Male,SPK0170,0.4040280316679202,0.30700959984678644,3.01,0.0,-21.771615524095704,-11.124560044313876,-3.30058405111358,12.168470525933202,-8.568696144994279,15.267384856237292,-5.862523873472971,10.02135751231036,-7.989902452211516,12.396197504260845,-290.8847244132998,84.88455289539596,153.3536019252402,36.691370443363205,-2.5280112500841656,35.563754930622224,43.79854351095806,22.499754770711704,-3.7756921553597023,18.56415958949207,-4.604899012219602,20.13805839862645,-4.643567939910477,15.686932792285772,-4.926386198942449,15.776247788160406,-0.4175365984057421,10.807051324916767,1.7070374328823472,1.8894779904504597,136.1054194017246,83.57827384219749,16.636036276388943,0.27782443165779114,0.08154810965061188,0.0008420301601290703,0.06055672839283943,2456.1378788926836,563.6740711666173,1883.5156712911023,937.1203342285727,22.793594541449245,14.155932595265748,0.00016174032649940643,0.0014361992200682269,29.59320428703647,143.18343924815116,79.79716690402975,3755.059344951923,2058.2432319644586,10.449641683414667,3.4810441571902313,-3.040718841979298e-05,1.795118758145611e-05,117.45383522727273,-0.009375393847918913,0.11113400294162694,0.03613093449519231,0.030111907008202675
ViSpeech_03436.mp3,South,Male,SPK0170,0.3826887426700405,0.30961756027082865,3.08,0.0,-22.281721518816667,-14.347852201964283,-1.4009139870563436,13.407829921394452,0.7893684597158079,12.887462221012443,-20.7182234545735,13.422233295488748,6.504509733392307,10.7759705077516,-284.7736764165021,91.16381342461956,159.67578410782798,29.114962543161106,-14.221846485810667,37.4852819589027,44.70531458566019,25.378052154660065,-12.811692002766955,23.600376810620777,-12.030785432401824,25.59146325205359,-13.707224798154387,17.457709044752953,0.09119773708330645,13.776438416869707,-18.630045753817534,15.95575197281184,1.5910555920643206,1.4981969047664414,145.2712576674881,91.67073850988018,21.227134599139884,0.1916925013065338,0.0768968015909195,0.00189871434122324,0.04765407368540764,2481.6784074692705,517.5246628702507,1968.0847521557157,721.6582458695168,22.834162457672498,13.518931120173729,3.1825932939585544e-05,0.00016842571807045362,31.234516941342324,121.92681866573066,60.89407139020138,4149.917763157895,1767.2094785873483,9.75224464364578,2.5498451107176763,-3.38189688343174e-05,1.9589983896279555e-05,120.18531976744185,-0.0041845305259438585,0.11561443390088377,0.038051060267857144,0.017001653273925613
ViSpeech_03437.mp3,South,Male,SPK0170,0.4118108694976258,0.3162057110627901,3.1,0.0,-19.218493752951893,-7.7597162769872785,-4.762373115809414,13.1211160693575,-10.863872900245951,13.164149467057875,-10.269054142017648,10.81122919850579,-5.680761602902382,10.980160744212181,-261.1556646315855,85.19492390505849,138.1418828222209,47.2243726669786,-2.283923164859499,31.991765209286385,49.64303782499496,32.32430926463197,-11.477885652121396,19.297354068827886,4.8653451103490735,20.438964168559036,-5.409998634551385,13.66732148994179,-10.08783653704552,15.158908012892358,-7.248865489953592,10.848016382761761,1.752318867934027,1.6381971120088263,164.4491568147724,124.79169904034711,25.630796829794104,0.40927302837371826,0.10941360890865326,0.0012210422428324819,0.07976440340280533,2566.9234211657554,666.8473916696146,2285.1759477110054,1501.499068209605,22.7210173310227,14.529293396346288,0.00019315923884639634,0.001411824631548037,47.078802168134416,137.56851983282317,82.40781033357037,4325.5223516208025,2665.257860640479,10.169201743995853,3.6986209116383137,-3.591395655868499e-05,1.9198869683554865e-05,73.828125,-0.009236799927085882,0.07982798196979816,0.057981576492537316,0.06461096300729835
ViSpeech_03438.mp3,South,Male,SPK0170,0.3798326240463042,0.3125317387794287,3.14,0.0,-21.276643924052006,-11.084257388173155,-5.284310451209235,12.304786346084004,-8.312477232222717,14.65103123974041,-11.633779352045424,13.471238862949043,4.136849927308028,10.742343448493363,-278.3457516431338,96.94041464232994,153.8971076614659,36.060596529159795,-14.459213659387693,31.572135006775518,39.95076070886703,19.330411472722542,-12.876586246656423,19.104768161807126,-8.134437920002263,20.70136378953982,-12.429658994299807,16.64249125933154,-13.47507951779854,13.165735138640118,-11.129173744373588,14.267223817974699,1.7000154156863452,1.9718685280888262,160.6681928112496,138.6712904520555,29.542148062715388,0.27911654114723206,0.08633020520210266,0.0005722137284465134,0.06949916481971741,2469.6160342436815,550.8079192378378,2024.1496006911561,827.0509130844807,22.645800737216987,14.045695094505838,0.0001825666833110398,0.001565844963971167,36.878600216991444,122.25856401927194,67.78821931255781,4244.980973247232,1860.276434542369,9.69210300722202,2.8329026167565137,-3.424769904445855e-05,2.0983064556078747e-05,184.5703125,0.017155279860075062,0.1072453224726238,0.04068049469557196,0.025395654565927406
ViSpeech_03439.mp3,South,Male,SPK0170,0.3537647185601462,0.3154400752084392,3.18,0.0,-18.244623152405588,-4.080971877915809,-8.525429425894524,12.01822848925202,-5.832443082415638,12.55919073969292,-6.03340175388054,7.886909430904667,-2.790393161266901,8.950160799407225,-248.79453514019352,98.39350475931548,126.22756736987604,38.77672138763331,-3.479132461993375,36.29397244785699,24.005517213319212,25.623146799542578,-4.506198481473086,21.003055250375375,-7.150239022283991,20.594781568445335,-9.712347310244414,15.366604812914154,-11.085637324128857,15.220634276325548,-12.05621884568203,11.69376138083703,1.3720045163974106,1.495878648061755,202.51574570948128,382.644579256302,96.05020505242638,0.6251017451286316,0.12239545583724976,0.00145985116250813,0.13088229298591614,2240.588409277971,453.3540971400765,1932.863681228825,1057.6423158948921,22.995973952908784,13.736489813321167,4.5866190747415405e-05,0.0002982920179801304,48.32487382286908,137.93658762489312,86.23227785641987,3631.645436530566,1663.2984952366544,10.217007628561268,3.6101889952749526,-3.7481189632608785e-05,2.5337613873202987e-05,107.666015625,0.010957796169380652,0.12927829034897997,0.04361385150547445,0.04545602310397992
ViSpeech_03440.mp3,South,Male,SPK0170,0.4352472433715234,0.30251190336628087,3.21,0.0,-24.108673518877197,-14.23070397244646,-5.821645057751075,13.068005398806607,-0.7372252196938105,12.74021260404703,-6.767884827865352,12.830224036175778,2.5884752737899763,10.101946672686136,-288.666002419993,88.91805109238844,144.44265072234765,54.197654699636765,-17.84449430154879,32.590536086057625,42.24643282788189,33.10542143405643,-18.731282803567275,24.590826118322866,-1.6502514296179853,18.120698721181036,-13.28726432662986,18.512570079594195,0.6370548131467261,12.769125547654506,-6.9271165649919295,12.162244743248614,1.7808792728573912,1.9148211529975276,146.48059372759042,115.40410348227229,26.916251634060366,0.19429542124271393,0.06231022998690605,0.000341936043696478,0.04998277500271797,2583.06955627951,647.497134353828,2611.2950875179163,1793.638522965727,21.841708153354645,14.618535532085644,0.00023185445557278,0.0015295988588181363,28.92091818191081,88.75201115994331,58.83342977025009,4798.328385886733,2826.186281820445,7.964341988538169,3.11286690540224,-3.11858575492103e-05,1.8581604640490834e-05,132.51201923076923,-0.007140186409586153,0.07620504837584727,0.08010456622292418,0.09274536931808533
ViSpeech_03441.mp3,South,Male,SPK0170,0.33893057315562924,0.3129406714631596,3.240249433106576,0.0,-21.564010854198997,-9.042213813686192,-11.631605355707913,10.350665216662744,-7.904543420190334,12.26707748753753,-6.989888250609162,12.235653589495248,-2.3026550802067405,10.126782461629295,-274.71109157394994,87.58839780117792,146.46234782132228,23.94401223581486,-8.12313819828177,35.94042428333824,34.029925123623656,23.163412589802956,-8.159593150463866,18.229706157717114,-16.87319169276314,22.18639351844355,-11.500552732850617,13.802393090072608,-12.712370692102763,14.44735476680223,-17.049871973253193,12.662786179879474,1.5794219763469246,1.6351380462091571,170.3744810767545,125.92327061062639,27.259785133503787,0.35309216380119324,0.08352072536945343,0.0008596947882324457,0.0691121444106102,2270.4014023430427,407.03177348949106,1788.7408570779803,583.7906482847777,23.218332377897507,13.806912103629145,2.1651072577365643e-05,0.00010525396315035556,35.16247227539029,141.09051593080554,76.37401264376815,3717.938232421875,1331.2642809360434,10.476152556280635,2.997296038735585,-3.3500445885932365e-05,1.9966122358012433e-05,156.60511363636363,-0.026279254134545914,0.11463845312639548,0.033204868861607145,0.017499645493005683
ViSpeech_03442.mp3,South,Male,SPK0170,0.3827358977250495,0.3171667416429853,3.29,0.0,-21.18638817099334,-10.676908964747756,-3.332353929096371,15.814591866539,-7.319093314212926,16.483737437115938,-15.678867063962961,11.257616544091666,0.592694660081282,10.466207586641408,-263.07147715327534,70.86850747354191,155.93537317232753,28.879514493898736,-11.073052213847197,32.355801733489315,34.84259345932203,24.19676907376072,-6.942932589979849,21.03581384298548,3.1224347972922137,17.257171184491128,-5.146482948155276,16.398098291910294,-16.833031972611742,14.047583204972417,-14.286547604385532,13.143250637672274,1.6493117979837169,1.4842134678662031,150.23338973847805,124.6108990872824,25.50235476346953,0.2925183176994324,0.08723195642232895,0.0050619738176465034,0.05658421292901039,2455.8589551572863,470.164318164321,1888.021376791598,680.3166674073883,22.985058110371885,13.92038332134536,6.29721835058323e-05,0.00043816477387385795,39.261956233726515,140.65206566182073,68.18021693584993,3799.8521401848593,1675.7763031467236,10.45316074496759,2.771350474951292,-3.5144211975721794e-05,1.702768899646268e-05,93.96306818181819,0.0004252882877863252,0.08865692812370136,0.035699548855633804,0.023970378234010478
ViSpeech_03443.mp3,South,Male,SPK0170,0.3695240480382884,0.31603870419932945,3.35,0.0,-24.519939685969604,-7.997816443627864,-4.3188667192037995,12.978572093539244,-11.21802700546273,15.720504809328848,-13.068232208151631,10.308735572978279,3.0302725159074146,10.517362632503515,-298.22016658113415,73.01430988423817,131.7353657293073,32.42292563211116,3.014450347667505,31.666464586661444,33.388865191433275,24.260899393586442,-3.0119960166939133,18.496652342637795,-2.5391225003088853,17.777653705884966,-1.3331509170383298,14.682878036406692,-19.660428980013965,12.809666011812304,-16.2362437626747,11.97264136221407,1.5768570332452556,1.6559840195534994,155.18969571862166,189.51325400400282,35.79904308856135,0.39820626378059387,0.0594286285340786,0.0016981854569166899,0.056279540061950684,2468.769116594992,442.46872846402226,2035.1005547179136,864.1117638658201,22.39234526713003,14.241831299491055,8.004197424014918e-05,0.0005741536961482033,26.056726314368557,132.45981353245728,77.84314359106283,4296.58186229455,1791.004747259961,10.011070293452548,3.2169954135763406,-2.6016817608463507e-05,1.4810655903141542e-05,143.5546875,0.012894436522520663,0.10547030278867439,0.04272376459775087,0.03218845137960049
ViSpeech_03444.mp3,South,Male,SPK0170,0.3445498553385207,0.31366441836274506,3.36,0.0,-17.390659293565864,-5.321256401940346,-11.795623856452428,10.655057771785337,-9.948929802312655,11.15426166339551,-6.39555713624566,9.598309764542032,-1.9713389900874054,8.286630042931504,-229.84170882707716,94.23413000640448,147.50763465449091,24.753378999088646,-30.93513830412012,36.28882164082732,16.82796862320634,25.54725031292269,-16.551707768310596,21.01619347200143,-13.173703680813245,20.73612723910042,-17.15647322900996,12.348715526663586,-14.29259040948575,15.855540049195147,-8.281784022822714,12.464070482358737,1.581223497817912,1.669604676920099,221.95973284172032,146.15929945433243,30.70257104043206,0.5419214963912964,0.13504043221473694,0.003580187214538455,0.11318600922822952,2210.620198740586,482.7416753688335,1909.3471964550204,665.3376799163485,22.60633808350267,13.730938960083412,3.961790404946222e-05,0.00019954047664865428,60.203082162776774,137.65481027240818,86.43022195224006,3706.6067820581898,1429.4497946818938,10.144920102345843,3.456557446387296,-4.523803851242896e-05,2.9554587994427706e-05,132.51201923076923,0.007193318384576859,0.10953256956303793,0.03985890355603448,0.02501857200404952
ViSpeech_03445.mp3,South,Male,SPK0170,0.39566595855123854,0.307673650669891,3.3708616780045353,0.0,-24.295633800528385,-12.08882827871551,-3.2727162428447634,12.6615797892939,-6.071209707680971,12.561765026381316,-11.300218028367842,9.710176343343862,3.5927804006153408,9.669562987377004,-284.93596854356923,78.58432175738913,144.98431863478305,29.824264828399226,-16.401104241268758,30.04462867888451,50.610507108077556,26.8297325121183,-13.21272479158285,21.06902886190573,-4.4025096768477665,17.48637242521928,-1.0125030667947559,15.645773737823172,-8.26539834720125,14.010596533524401,-12.374152246456008,13.725046352530908,1.7088116159680191,1.9872591386342295,150.77409743624654,165.7879879950052,34.508911223440215,0.24863189458847046,0.060983337461948395,0.002086102496832609,0.042300183326005936,2593.4820735011676,418.62868751380284,2242.8918811866706,868.3636574253951,22.71663300153061,14.339564631914783,7.038533044111792e-05,0.0006197323883711757,25.252572073941298,120.33362726575531,58.590057115819626,4881.599347615979,1484.5786762778869,9.628442932405992,2.769579929286157,-3.0745048101021014e-05,1.6563089216895967e-05,105.46875,0.014610903969654252,0.12597053209321876,0.05050438949742268,0.03744564162141187
ViSpeech_03446.mp3,South,Male,SPK0170,0.37632500974159594,0.3196154325375465,3.39,0.0,-23.05755074794841,-10.653533996225368,-10.699343437266771,12.486341468215583,-7.841839556454302,11.340629847874276,-9.04259007602797,10.13676292983267,0.4274149384520235,8.90622950263872,-297.0203554822757,94.08635468719893,146.38300036970162,30.119477643267697,-10.232946052147803,31.063999709960804,40.99573707159973,25.577891428862973,-8.932540266607303,21.019901081163304,-3.290503513630516,18.780986685154193,-10.185258348487261,13.797054570148195,-10.20595011625055,12.69093041874248,-13.161650897273331,11.886521796039206,1.7779056731692,1.944124810637051,184.13929213454156,111.1938880521642,29.605991317005472,0.2933065891265869,0.0703260600566864,0.0006603342480957508,0.05327225476503372,2508.23240269876,584.5719084608771,1966.390010856139,772.7194463027145,22.268726589645368,14.099023859997335,7.744850316879766e-05,0.0005306409980881029,32.24549078502636,148.56100607595576,81.06392948713709,4194.697466288528,1919.0908424647334,10.768996527591364,3.1684246071668487,-2.9315431266604347e-05,1.7687958984486048e-05,129.19921875,-0.00296580437066492,0.08137786754964309,0.03585857234589041,0.02020618950291692
ViSpeech_03447.mp3,South,Male,SPK0170,0.3674555438149879,0.3069740327871578,3.41,0.0,-23.87625023565025,-10.146203824905617,-3.211553361968431,10.652608273632618,-10.008891448548791,13.057427408201352,-10.503922509987294,10.209586797477444,-1.265303721771631,9.52160359887344,-306.05565200177705,81.59714564827534,152.97650504408475,30.576676115185613,-10.929026798295775,31.18394908692252,25.38809285190352,26.335424626550594,-9.804561571383932,19.291627580632383,-20.004666910162168,20.20954853218936,-14.668328317711278,13.866638036617633,-3.4773368561242166,12.761625319270916,-8.434427063054297,10.85463480685258,1.6174836032716717,1.7259678740072932,177.24602152706257,145.26761946694774,28.26606477140157,0.3109484612941742,0.06400010734796524,0.0012747077271342278,0.05652272701263428,2386.2512342786513,529.7374885988448,1870.7780418784616,765.2727959533194,23.301399946482423,13.390016791935713,6.935748207875187e-05,0.00031084104113971714,25.424138101030987,125.85450778184662,76.86015978666121,3722.6806640625,1704.7066714557543,9.783680628507987,3.1489964357074007,-2.6948386094376973e-05,1.624738994396747e-05,184.5703125,0.008160307232588607,0.14281133703896695,0.038492838541666664,0.024624591079429475
ViSpeech_03448.mp3,South,Male,SPK0170,0.34251275882212007,0.31525125220570827,3.44,0.0,-21.39266523005636,-9.587666702971534,-6.029173301237534,11.349902733702857,-10.30068489876217,13.889895166239189,-12.043188211907374,12.220346733426238,4.29875438077046,10.316643282995463,-272.70268682599254,85.80206982067449,146.68071512914509,31.561196970219775,-16.605456465541607,37.91416107071178,27.915153224937992,25.33077761174548,-8.46043526535015,18.673813402685507,-5.654818781289945,16.95992899035667,-12.678036781403433,13.034322190476418,-22.435304448571184,11.81597410493453,-16.573176468752106,12.58855216534702,1.6372488483280707,1.617522542853192,170.87822213673553,159.65760844379142,38.20069232827715,0.3316006362438202,0.08518470823764801,0.0015422203578054905,0.062023136764764786,2339.2914163027112,464.4351874361748,1960.7607591329727,737.2434452924783,23.193337425257695,13.78018919461248,8.427907840193857e-05,0.000690106962009834,36.92259171607018,132.03966639307563,74.60265475295978,4003.073212594697,1655.4195854912787,10.024449480332681,2.9946740852240397,-3.408910553935101e-05,1.9861202118425202e-05,93.96306818181819,-0.01728702813468476,0.11547412916206255,0.04031197390572391,0.022473000455509495
ViSpeech_03449.mp3,South,Male,SPK0170,0.4102471287613416,0.30805572737037956,3.56,0.0,-23.555933712768166,-10.68118866478111,-1.8422608938740594,12.058936463919233,-3.037399702736923,12.479768932539443,-10.425211647280936,11.109542224656707,0.7344918124289795,10.402612135940624,-312.05737785233094,92.71878336141458,144.6581171436208,44.26568867596108,-8.514165125689464,37.01176320926826,44.752322227953485,30.343880963877233,-5.284708042283327,26.419936812608327,-7.484949332986479,24.498446308174092,-11.377556282395792,14.175047662642726,-11.308210543908485,12.818016796751696,-8.044891294189402,11.278965980112645,1.6107853977710096,1.7970378848064021,145.09701423477617,82.60159972391268,16.951346553925397,0.29237422347068787,0.06640438735485077,0.0005352526786737144,0.06229175627231598,2370.144260283308,680.2813734361714,2141.6426141964507,1325.0003300806059,22.25366289374419,14.215478637914543,0.00012337766198264959,0.0006304944027481999,28.45448147475172,115.72323664928632,73.15377070872486,4110.386871437297,2511.97011436129,9.292757120573059,3.2786378995278467,-2.7563990929748017e-05,1.7172829717132417e-05,147.65625,0.007562815325253933,0.09417767056662044,0.05700802880700326,0.06284398642540447
ViSpeech_03450.mp3,South,Male,SPK0170,0.3607872567488801,0.31501740714951193,3.7,0.0,-22.171562110950546,-10.133045603772077,-6.883678996023699,12.78834428754318,-13.030416486103002,14.0574869631309,-7.564514406271629,8.331032741584925,-0.21784761249585044,10.240048461004827,-290.93509808364786,94.41495399902826,148.37221789944792,30.54576876180367,-0.35378279447805266,36.468068426792094,31.172427478362533,21.091793022539566,-15.10285350909799,23.168399342938507,-10.556971653011178,18.002470254212703,-8.69365419312481,13.927126134237332,-11.899942623224675,11.911025940144727,-11.644879597202452,11.745617048244638,1.583631920829351,1.4572756528919675,176.36147574949936,143.5615229488328,39.32960680590372,0.31141987442970276,0.07787827402353287,0.000710161926690489,0.0651089996099472,2483.0819888871856,529.6022487356698,1844.611593665075,834.6088710104312,22.50066896968874,13.898482991993355,3.837287287321346e-05,0.0001354459333074083,34.328576042128724,131.16044145468837,67.10438821759355,3667.1922450528996,1987.6806525724419,10.189578233553359,2.8475718187028014,-3.022600828957668e-05,1.960464069420836e-05,83.35433467741936,-0.011440557956719484,0.09893243371984886,0.037740007836990594,0.03079955977221449
